Repository_Name,Owner,Description,URL,Programming_Language,Creation_Date,Last_Updated_Date,Number_of_Stars,Number_of_Forks,Number_of_Open_Issues,License_Type
generative-ai-for-beginners,microsoft,"21 Lessons, Get Started Building with Generative AI  ğŸ”— https://microsoft.github.io/generative-ai-for-beginners/",https://github.com/microsoft/generative-ai-for-beginners,Jupyter Notebook,2023-06-19T16:28:59Z,2024-10-14T09:24:45Z,64116,32509,15,MIT License
generative-models,Stability-AI,Generative Models by Stability AI,https://github.com/Stability-AI/generative-models,Python,2023-06-22T00:36:35Z,2024-10-14T09:10:12Z,24342,2709,299,MIT License
danswer,danswer-ai,Gen-AI Chat for Teams - Think ChatGPT if it had access to your team's unique knowledge.,https://github.com/danswer-ai/danswer,Python,2023-04-27T06:04:01Z,2024-10-14T06:33:13Z,10458,1265,405,Other
awesome-generative-ai-guide,aishwaryanr,"A one stop repository for generative AI research updates, interview resources, notebooks and much more!",https://github.com/aishwaryanr/awesome-generative-ai-guide,,2024-02-06T18:14:14Z,2024-10-14T08:42:38Z,8631,1888,1,MIT License
generative-ai,GoogleCloudPlatform,"Sample code and notebooks for Generative AI on Google Cloud, with Gemini on Vertex AI",https://github.com/GoogleCloudPlatform/generative-ai,Jupyter Notebook,2023-05-05T12:31:07Z,2024-10-14T08:07:42Z,7056,1901,53,Apache License 2.0
awesome-generative-ai,steven2358,A curated list of modern Generative Artificial Intelligence projects and services,https://github.com/steven2358/awesome-generative-ai,,2022-10-20T11:18:17Z,2024-10-14T06:34:46Z,5723,628,86,Creative Commons Zero v1.0 Universal
evidently,evidentlyai,"Evidently is â€‹â€‹an open-source ML and LLM observability framework. Evaluate, test, and monitor any AI-powered system or data pipeline. From tabular data to Gen AI. 100+ metrics.",https://github.com/evidentlyai/evidently,Jupyter Notebook,2020-11-25T15:20:08Z,2024-10-14T06:09:43Z,5234,592,194,Apache License 2.0
better-genshin-impact,babalae,ğŸ“¦BetterGI Â· æ›´å¥½çš„åŸç¥ - è‡ªåŠ¨æ‹¾å– | è‡ªåŠ¨å‰§æƒ… | å…¨è‡ªåŠ¨é’“é±¼(AI) | å…¨è‡ªåŠ¨ä¸ƒåœ£å¬å”¤ | è‡ªåŠ¨ä¼æœ¨ | è‡ªåŠ¨åˆ·æœ¬ | è‡ªåŠ¨é‡‡é›† - UI Automation Testing Tools For Genshin Impact,https://github.com/babalae/better-genshin-impact,C#,2023-08-27T01:02:45Z,2024-10-14T09:21:46Z,5027,314,133,GNU General Public License v3.0
genshin_auto_fish,IrisRainbowNeko,åŸºäºæ·±åº¦å¼ºåŒ–å­¦ä¹ çš„åŸç¥è‡ªåŠ¨é’“é±¼AI,https://github.com/IrisRainbowNeko/genshin_auto_fish,Python,2021-09-10T07:19:56Z,2024-10-14T09:35:08Z,4776,717,123,No License
GenAI_Agents,NirDiamant,"This repository provides tutorials and implementations for various Generative AI Agent techniques, from basic to advanced. It serves as a comprehensive guide for building intelligent, interactive AI systems.",https://github.com/NirDiamant/GenAI_Agents,Jupyter Notebook,2024-09-09T20:10:19Z,2024-10-14T04:26:28Z,3529,366,0,Other
Roadmap-To-Learn-Generative-AI-In-2024,krishnaik06,,https://github.com/krishnaik06/Roadmap-To-Learn-Generative-AI-In-2024,,2023-12-11T11:43:22Z,2024-10-14T09:07:56Z,3167,1368,7,GNU General Public License v3.0
awesome-generative-ai,filipecalegario,"A curated list of Generative AI tools, works, models, and references",https://github.com/filipecalegario/awesome-generative-ai,,2021-07-19T15:11:51Z,2024-10-13T20:05:27Z,2462,386,5,Creative Commons Zero v1.0 Universal
GenerativeAIExamples,NVIDIA,Generative AI reference workflows optimized for accelerated infrastructure and microservice architecture.,https://github.com/NVIDIA/GenerativeAIExamples,Python,2023-10-19T13:46:31Z,2024-10-14T07:50:35Z,2248,456,35,Apache License 2.0
tts-generation-webui,rsxdalv,"TTS Generation Web UI (Bark, MusicGen + AudioGen, Tortoise, RVC, Vocos, Demucs, SeamlessM4T, MAGNet, StyleTTS2, MMS)",https://github.com/rsxdalv/tts-generation-webui,TypeScript,2023-04-27T18:32:26Z,2024-10-14T08:45:12Z,1718,183,49,MIT License
generative-ai-docs,google,Documentation for Google's Gen AI site - including the Gemini API and Gemma,https://github.com/google/generative-ai-docs,Jupyter Notebook,2023-04-06T05:20:25Z,2024-10-13T06:50:27Z,1635,577,59,Apache License 2.0
generative-ai-python,google-gemini,The official Python library for the Google Gemini API,https://github.com/google-gemini/generative-ai-python,Python,2023-05-03T21:27:14Z,2024-10-14T06:55:01Z,1488,293,94,Apache License 2.0
ai-component-generator,yuvalsuede,,https://github.com/yuvalsuede/ai-component-generator,TypeScript,2023-03-04T01:12:52Z,2024-10-13T23:33:34Z,1348,126,10,No License
project_ai_mern_image_generation,adrianhajdin,Build and Deploy a Full Stack MERN AI Image Generation App MidJourney & DALL E Clone,https://github.com/adrianhajdin/project_ai_mern_image_generation,JavaScript,2023-01-20T10:45:47Z,2024-10-12T17:53:24Z,1099,307,60,No License
AI-Prompt-Genius,AI-Prompt-Genius,Curate a custom library of AI Prompts,https://github.com/AI-Prompt-Genius/AI-Prompt-Genius,JavaScript,2022-12-09T04:54:10Z,2024-10-13T17:51:43Z,1089,161,16,No License
AICoverGen,SociallyIneptWeeb,A WebUI to create song covers with any RVC v2 trained AI voice from YouTube videos or audio files.,https://github.com/SociallyIneptWeeb/AICoverGen,Python,2023-07-25T07:31:56Z,2024-10-14T08:04:57Z,1054,250,74,MIT License
tuneflow-py,tuneflow,ğŸ§ +ğŸ§ Build your music algorithms and AI models with the next-gen DAW ğŸ”¥,https://github.com/tuneflow/tuneflow-py,Python,2023-01-07T14:32:34Z,2024-10-14T06:47:49Z,988,117,3,MIT License
GenAI_LLM_timeline,hollobit,"ChatGPT, GenerativeAI and LLMs Timeline",https://github.com/hollobit/GenAI_LLM_timeline,,2023-03-25T07:00:16Z,2024-09-26T00:50:09Z,941,60,4,No License
comflowy,6174,"Unleash endless possibilities with ComfyUI and Stable Diffusion, committed to crafting refined AI-Gen tools and cultivating a vibrant community for both developers and users. ",https://github.com/6174/comflowy,MDX,2023-11-20T00:39:22Z,2024-10-11T19:23:52Z,941,49,50,Other
generative-ai-swift,google-gemini,The official Swift library for the Google Gemini API,https://github.com/google-gemini/generative-ai-swift,Swift,2023-04-25T18:19:06Z,2024-10-13T06:31:33Z,915,146,17,Apache License 2.0
oss-fuzz-gen,google,LLM powered fuzzing via OSS-Fuzz.,https://github.com/google/oss-fuzz-gen,Python,2024-01-25T00:51:49Z,2024-10-14T02:11:42Z,857,100,85,Apache License 2.0
Ultimate-Data-Science-Toolkit---From-Python-Basics-to-GenerativeAI,bansalkanav,,https://github.com/bansalkanav/Ultimate-Data-Science-Toolkit---From-Python-Basics-to-GenerativeAI,Jupyter Notebook,2020-04-03T19:28:56Z,2024-10-12T18:17:18Z,848,281,12,GNU General Public License v3.0
Generative-AI,fnzhan,[TPAMI 2023] Multimodal Image Synthesis and Editing: The Generative AI Era,https://github.com/fnzhan/Generative-AI,TeX,2021-12-04T07:28:21Z,2024-10-08T13:52:03Z,784,60,1,No License
AI-Youtube-Shorts-Generator,SamurAIGPT,"A python tool that uses GPT-4, FFmpeg, and OpenCV to automatically analyze videos, extract the most interesting sections, and crop them for an improved viewing experience.",https://github.com/SamurAIGPT/AI-Youtube-Shorts-Generator,Python,2024-06-28T07:39:14Z,2024-10-14T08:07:27Z,770,111,2,MIT License
generate-subtitles,mayeaux,"Generate transcripts for audio and video content with a user friendly UI, powered by Open AI's Whisper with automatic translations and download videos automatically with yt-dlp integration",https://github.com/mayeaux/generate-subtitles,JavaScript,2022-11-06T16:18:05Z,2024-10-14T01:48:09Z,746,101,24,No License
chaos_genius,chaos-genius,ML powered analytics engine for outlier detection and root cause analysis.,https://github.com/chaos-genius/chaos_genius,Python,2021-05-27T08:13:03Z,2024-10-14T02:24:38Z,730,82,75,MIT License
SandDance,microsoft,"Visually explore, understand, and present your data.",https://github.com/microsoft/SandDance,TypeScript,2018-11-05T22:45:31Z,2024-10-09T08:16:51Z,6388,523,98,MIT License
Stock_Analysis_For_Quant,LastAncientOne,"Various Types of Stock Analysis in Excel, Matlab, Power BI, Python, R, and Tableau",https://github.com/LastAncientOne/Stock_Analysis_For_Quant,Jupyter Notebook,2019-03-02T17:08:24Z,2024-10-14T05:35:23Z,1665,457,0,MIT License
PowerBI-Developer-Samples,microsoft,A collection of Power BI samples for developer use.,https://github.com/microsoft/PowerBI-Developer-Samples,JavaScript,2017-02-26T11:47:13Z,2024-10-14T08:03:14Z,1550,1436,75,MIT License
powerbi-desktop-samples,microsoft,Power BI Desktop sample files for the monthly release. Here you can find the PBIX files used in the monthly release videos.,https://github.com/microsoft/powerbi-desktop-samples,,2018-03-28T12:26:47Z,2024-10-14T06:16:08Z,1429,872,30,MIT License
PowerBI-JavaScript,microsoft,JavaScript library for embedding Power BI into your apps. Check out the docs website and wiki for more information.,https://github.com/microsoft/PowerBI-JavaScript,TypeScript,2015-09-28T21:59:50Z,2024-10-14T08:03:56Z,1056,464,75,Other
TabularEditor,TabularEditor,"This is the code repository and issue tracker for Tabular Editor 2.X (free, open-source version). This repository is being maintained by Daniel Otykier.",https://github.com/TabularEditor/TabularEditor,C#,2016-11-14T18:59:21Z,2024-10-12T00:53:32Z,872,214,197,MIT License
Azure-DevOps,vinijmoura,"Data extraction and Power BI report that generate management informations about your Azure DevOps organization. Using Azure DevOps CLI and Azure DevOps REST API, PowerShell scripts extract data from Azure DevOps, store this information in an Azure SQL Database and shows them in a Power BI report.",https://github.com/vinijmoura/Azure-DevOps,PowerShell,2020-05-04T01:24:44Z,2024-10-07T11:35:26Z,822,243,1,MIT License
CCOInsights,Azure,Welcome to the Continuous Cloud Optimization Power BI Dashboard GitHub Project. In this repository you will find all the guidance and files needed to deploy the Dashboard in your environment to take benefit of a single pane of glass to get insights about your Azure resources and services. ,https://github.com/Azure/CCOInsights,Mathematica,2018-10-16T14:53:37Z,2024-10-02T13:59:16Z,715,209,7,MIT License
Data-Analyst-Roadmap,mrankitgupta,I am sharing my Journey of 66DaysofData into Data Analytics by participating in Ken Jee's #66daysofdata challenge,https://github.com/mrankitgupta/Data-Analyst-Roadmap,,2022-02-05T11:17:52Z,2024-10-13T15:24:16Z,691,104,1,MIT License
DataConnectors,microsoft,Data Connector SDK and samples for Power Query and Power BI,https://github.com/microsoft/DataConnectors,PowerShell,2017-04-03T14:50:42Z,2024-10-13T15:47:31Z,684,360,74,MIT License
PowerBI-CSharp,microsoft,Welcome to the .NET developer community for Power BI. Here you will find resources for the .NET SDKs for Power BI Embedded V2.0.0,https://github.com/microsoft/PowerBI-CSharp,C#,2015-09-28T21:52:49Z,2024-10-13T15:47:36Z,679,750,40,Other
powerbi-jupyter,microsoft,A Custom Jupyter Widget Library for Power BI,https://github.com/microsoft/powerbi-jupyter,Python,2021-03-15T09:19:21Z,2024-10-14T08:04:14Z,465,149,8,MIT License
powerbi-docs,MicrosoftDocs,,https://github.com/MicrosoftDocs/powerbi-docs,PowerShell,2018-01-25T23:56:36Z,2024-10-13T15:32:14Z,456,869,43,Creative Commons Attribution 4.0 International
PowerBI-ThemeTemplates,deldersveld,Snippets for assembling Power BI Themes,https://github.com/deldersveld/PowerBI-ThemeTemplates,,2018-01-20T14:00:01Z,2024-10-12T16:10:20Z,452,206,57,The Unlicense
sqlwatch,marcingminski,SQL Server Performance Monitor,https://github.com/marcingminski/sqlwatch,TSQL,2018-08-11T22:34:46Z,2024-10-09T19:32:02Z,432,170,91,Other
PowerBI-Icons,microsoft,Icons (PNG and SVG) for Power BI,https://github.com/microsoft/PowerBI-Icons,,2021-05-05T22:11:50Z,2024-10-12T16:10:23Z,424,203,3,Creative Commons Attribution 4.0 International
data-analyst-roadmap,mtahiraslan,"Based on my own experience, I think this roadmap will answer all the questions of how to become a data analyst from zero, which technologies and programming languages are better to know, what kind of soft skills do we need, how do I start my professional career in this field.",https://github.com/mtahiraslan/data-analyst-roadmap,,2023-02-25T04:34:05Z,2024-10-14T08:13:40Z,394,53,1,MIT License
pbiworkshops,microsoft,Training workshops for Power BI.,https://github.com/microsoft/pbiworkshops,Jupyter Notebook,2019-07-26T16:46:53Z,2024-10-13T15:12:14Z,347,102,1,Creative Commons Attribution 4.0 International
powerbi-powershell,microsoft,PowerShell community for Microsoft PowerBI. Here you will find resources and source for PowerShell modules targeting PowerBI.,https://github.com/microsoft/powerbi-powershell,C#,2018-02-26T19:16:45Z,2024-10-13T15:41:27Z,344,119,176,MIT License
PowerBI-visuals-tools,microsoft,Contains tools for building/packaging Power BI visuals,https://github.com/microsoft/PowerBI-visuals-tools,TypeScript,2016-04-13T19:33:45Z,2024-10-13T15:47:32Z,333,150,6,MIT License
powerbi-client-react,microsoft,Power BI for React which provides components and services to enabling developers to easily embed Power BI reports into their applications.,https://github.com/microsoft/powerbi-client-react,TypeScript,2020-06-08T07:07:15Z,2024-10-14T08:01:12Z,306,98,18,MIT License
powerbi-macguyver-toolbox,data-goblin,"Power BI report .pbip templates and patterns to create special visuals, address specific problems, and have adventures..",https://github.com/data-goblin/powerbi-macguyver-toolbox,C#,2023-07-25T20:41:53Z,2024-10-11T23:18:59Z,300,79,0,MIT License
office365dev,chenxizhang,ã€ŠOffice 365 å¼€å‘å…¥é—¨æŒ‡å—ã€‹ï¼Œæœ¬ä¹¦å·²ç»äº2018å¹´9æœˆä»½ç”±åŒ—äº¬å¤§å­¦å‡ºç‰ˆç¤¾ä¸Šå¸‚å‘è¡Œï¼Œå¯ä»¥é€šè¿‡ http://product.dangdang.com/25347066.html è¿›è¡Œè´­ä¹°ã€‚é…å¥—è§†é¢‘æ•™ç¨‹äº2019å¹´2æœˆåœ¨ç½‘æ˜“äº‘è¯¾å ‚ä¸Šæ¶ï¼Œä½ å¯ä»¥é€šè¿‡ https://aka.ms/office365devlesson å‚åŠ å­¦ä¹ ï¼Œæ•™ç¨‹ç›¸å…³çš„å‚è€ƒèµ„æ–™ã€èŒƒä¾‹ä»£ç ã€ç›¸å…³é“¾æ¥ï¼Œè¯·è®¿é—® https://github.com/chenxizhang/office365dev/tree/master/lessons,https://github.com/chenxizhang/office365dev,JavaScript,2017-02-26T06:08:21Z,2024-10-13T15:31:25Z,278,99,0,MIT License
powerbi-powershell,Azure-Samples,Samples for calling the Power BI REST API via PowerShell,https://github.com/Azure-Samples/powerbi-powershell,PowerShell,2017-06-20T20:36:06Z,2024-10-09T15:34:21Z,258,191,34,MIT License
powerbiadoption,pbiaf,Power BI Adoption Framework,https://github.com/pbiaf/powerbiadoption,,2019-11-07T14:31:37Z,2024-10-13T15:41:54Z,231,66,4,No License
PowerBIRESTAPI,migueesc123,A Microsoft Power BI Data Connector or Power Query Connector for the Power BI REST API,https://github.com/migueesc123/PowerBIRESTAPI,,2017-06-24T07:06:59Z,2024-10-13T15:47:40Z,231,74,7,MIT License
PowerBI-ThemeTemplates,MattRudy,JSON Templates for assembling Power BI Themes,https://github.com/MattRudy/PowerBI-ThemeTemplates,,2021-10-14T22:17:19Z,2024-10-11T06:44:49Z,228,83,74,The Unlicense
FlowViz,nbrown02,"A Power BI template that provides easy to understand, actionable flow metrics and predictive analytics for your agile teams using Azure DevOps, Azure DevOps Server and/or TFS.",https://github.com/nbrown02/FlowViz,,2018-06-04T06:45:38Z,2024-10-07T14:55:56Z,202,48,0,MIT License
WEFFLES,jepayneMSFT,"Build a fast, free, and effective Threat Hunting/Incident Response Console with Windows Event Forwarding and PowerBI",https://github.com/jepayneMSFT/WEFFLES,PowerShell,2016-07-27T22:12:14Z,2024-08-12T19:24:02Z,200,33,4,No License
MDE-PowerBI-Templates,microsoft,A respository for MDATP PowerBI Templates,https://github.com/microsoft/MDE-PowerBI-Templates,PowerShell,2019-04-02T22:01:05Z,2024-10-13T15:52:21Z,196,122,25,MIT License
keras,keras-team,Deep Learning for humans,https://github.com/keras-team/keras,Python,2015-03-28T00:35:42Z,2024-10-14T05:06:26Z,61860,19443,253,Apache License 2.0
annotated_deep_learning_paper_implementations,labmlai,"ğŸ§‘â€ğŸ« 60+ Implementations/tutorials of deep learning papers with side-by-side notes ğŸ“; including transformers (original, xl, switch, feedback, vit, ...), optimizers (adam, adabelief, sophia, ...), gans(cyclegan, stylegan2, ...), ğŸ® reinforcement learning (ppo, dqn), capsnet, distillation, ... ğŸ§ ",https://github.com/labmlai/annotated_deep_learning_paper_implementations,Python,2020-08-25T02:29:34Z,2024-10-14T09:20:56Z,54866,5660,29,MIT License
DeepLearning-500-questions,scutan90,æ·±åº¦å­¦ä¹ 500é—®ï¼Œä»¥é—®ç­”å½¢å¼å¯¹å¸¸ç”¨çš„æ¦‚ç‡çŸ¥è¯†ã€çº¿æ€§ä»£æ•°ã€æœºå™¨å­¦ä¹ ã€æ·±åº¦å­¦ä¹ ã€è®¡ç®—æœºè§†è§‰ç­‰çƒ­ç‚¹é—®é¢˜è¿›è¡Œé˜è¿°ï¼Œä»¥å¸®åŠ©è‡ªå·±åŠæœ‰éœ€è¦çš„è¯»è€…ã€‚ å…¨ä¹¦åˆ†ä¸º18ä¸ªç« èŠ‚ï¼Œ50ä½™ä¸‡å­—ã€‚ç”±äºæ°´å¹³æœ‰é™ï¼Œä¹¦ä¸­ä¸å¦¥ä¹‹å¤„æ³è¯·å¹¿å¤§è¯»è€…æ‰¹è¯„æŒ‡æ­£ã€‚   æœªå®Œå¾…ç»­............ å¦‚æœ‰æ„åˆä½œï¼Œè”ç³»scutjy2015@163.com                     ç‰ˆæƒæ‰€æœ‰ï¼Œè¿æƒå¿…ç©¶       Tan 2018.06,https://github.com/scutan90/DeepLearning-500-questions,JavaScript,2018-06-27T06:36:45Z,2024-10-14T09:20:24Z,54512,15853,118,GNU General Public License v3.0
Deep-Learning-Papers-Reading-Roadmap,floodsung,Deep Learning papers reading roadmap for anyone who are eager to learn this amazing tech!,https://github.com/floodsung/Deep-Learning-Papers-Reading-Roadmap,Python,2016-10-14T11:49:48Z,2024-10-14T09:20:07Z,38089,7307,88,No License
deeplearningbook-chinese,exacity,Deep Learning Book Chinese Translation,https://github.com/exacity/deeplearningbook-chinese,TeX,2016-12-07T11:46:51Z,2024-10-14T09:20:08Z,35700,9119,67,No License
DeepSpeed,microsoft,"DeepSpeed is a deep learning optimization library that makes distributed training and inference easy, efficient, and effective.",https://github.com/microsoft/DeepSpeed,Python,2020-01-23T18:35:18Z,2024-10-14T09:20:44Z,35090,4062,1107,Apache License 2.0
TTS,coqui-ai,"ğŸ¸ğŸ’¬ - a deep learning toolkit for Text-to-Speech, battle-tested in research and production",https://github.com/coqui-ai/TTS,Python,2020-05-20T15:45:28Z,2024-10-14T09:37:19Z,34612,4196,87,Mozilla Public License 2.0
caffe,BVLC,Caffe: a fast open framework for deep learning.,https://github.com/BVLC/caffe,C++,2013-09-12T18:39:48Z,2024-10-14T09:19:51Z,34074,18698,1187,Other
pytorch-tutorial,yunjey,PyTorch Tutorial for Deep Learning Researchers,https://github.com/yunjey/pytorch-tutorial,Python,2017-03-10T07:41:47Z,2024-10-14T07:25:03Z,30008,8108,86,MIT License
handson-ml2,ageron,"A series of Jupyter notebooks that walk you through the fundamentals of Machine Learning and Deep Learning in Python using Scikit-Learn, Keras and TensorFlow 2.",https://github.com/ageron/handson-ml2,Jupyter Notebook,2019-01-08T03:49:07Z,2024-10-14T06:59:34Z,27865,12746,220,Apache License 2.0
netron,lutzroeder,"Visualizer for neural network, deep learning and machine learning models",https://github.com/lutzroeder/netron,JavaScript,2010-12-26T12:53:43Z,2024-10-14T08:01:25Z,27834,2761,23,MIT License
data-science-ipython-notebooks,donnemartin,"Data science Python notebooks: Deep learning (TensorFlow, Theano, Caffe, Keras), scikit-learn, Kaggle, big data (Spark, Hadoop MapReduce, HDFS), matplotlib, pandas, NumPy, SciPy, Python essentials, AWS, and various command lines.",https://github.com/donnemartin/data-science-ipython-notebooks,Python,2015-01-23T19:38:29Z,2024-10-14T06:33:10Z,27341,7864,39,Other
tuning_playbook,google-research,A playbook for systematically maximizing the performance of deep learning models.,https://github.com/google-research/tuning_playbook,,2023-01-18T23:32:32Z,2024-10-14T08:58:53Z,26777,2223,8,Other
fastai,fastai,The fastai deep learning library,https://github.com/fastai/fastai,Jupyter Notebook,2017-09-09T17:43:36Z,2024-10-13T19:28:15Z,26193,7551,228,Apache License 2.0
awesome-deep-learning-papers,terryum,The most cited deep learning papers,https://github.com/terryum/awesome-deep-learning-papers,TeX,2016-06-03T06:48:30Z,2024-10-14T06:45:17Z,25444,4479,35,No License
ML-From-Scratch,eriklindernoren,Machine Learning From Scratch. Bare bones NumPy implementations of machine learning models and algorithms with a focus on accessibility. Aims to cover everything from linear regression to deep learning.,https://github.com/eriklindernoren/ML-From-Scratch,Python,2017-02-05T12:11:23Z,2024-10-14T07:14:28Z,23909,4585,51,MIT License
awesome-deep-learning,ChristosChristofidis,"A curated list of awesome Deep Learning tutorials, projects and communities.",https://github.com/ChristosChristofidis/awesome-deep-learning,,2015-01-02T19:28:35Z,2024-10-14T07:35:15Z,23893,6031,36,No License
d2l-en,d2l-ai,"Interactive deep learning book with multi-framework code, math, and discussions. Adopted at 500 universities from 70 countries including Stanford, MIT, Harvard, and Cambridge.",https://github.com/d2l-ai/d2l-en,Python,2018-10-09T01:04:37Z,2024-10-14T08:54:52Z,23460,4301,140,Other
deep-learning-for-image-processing,WZMIAOMIAO,deep learning for image processing including classification and object-detection etc.,https://github.com/WZMIAOMIAO/deep-learning-for-image-processing,Python,2019-11-14T15:02:27Z,2024-10-14T07:47:39Z,22686,7947,90,GNU General Public License v3.0
Paddle,PaddlePaddle,PArallel Distributed Deep LEarning: Machine Learning Framework from Industrial Practice ï¼ˆã€é£æ¡¨ã€æ ¸å¿ƒæ¡†æ¶ï¼Œæ·±åº¦å­¦ä¹ &æœºå™¨å­¦ä¹ é«˜æ€§èƒ½å•æœºã€åˆ†å¸ƒå¼è®­ç»ƒå’Œè·¨å¹³å°éƒ¨ç½²ï¼‰,https://github.com/PaddlePaddle/Paddle,C++,2016-08-15T06:59:08Z,2024-10-14T09:21:26Z,22145,5560,1710,Apache License 2.0
mxnet,apache,"Lightweight, Portable, Flexible Distributed/Mobile Deep Learning with Dynamic, Mutation-aware Dataflow Dep Scheduler; for Python, R, Julia, Scala, Go, Javascript and more",https://github.com/apache/mxnet,C++,2015-04-30T16:21:15Z,2024-10-13T20:13:00Z,20772,6794,2010,Apache License 2.0
audiocraft,facebookresearch,"Audiocraft is a library for audio processing and generation with deep learning. It features the state-of-the-art EnCodec audio compressor / tokenizer, along with MusicGen, a simple and controllable music generation LM with textual and melodic conditioning.",https://github.com/facebookresearch/audiocraft,Python,2023-06-08T06:41:36Z,2024-10-14T06:50:59Z,20757,2116,300,MIT License
500-AI-Machine-learning-Deep-learning-Computer-vision-NLP-Projects-with-code,ashishpatel26,500 AI Machine learning Deep learning Computer vision NLP Projects with code,https://github.com/ashishpatel26/500-AI-Machine-learning-Deep-learning-Computer-vision-NLP-Projects-with-code,,2021-01-02T12:08:37Z,2024-10-14T08:25:07Z,20006,5108,41,No License
deep-learning-with-python-notebooks,fchollet,"Jupyter notebooks for the code samples of the book ""Deep Learning with Python""",https://github.com/fchollet/deep-learning-with-python-notebooks,Jupyter Notebook,2017-09-05T19:47:56Z,2024-10-14T01:14:45Z,18635,8636,177,MIT License
Dive-into-DL-PyTorch,ShusenTang,æœ¬é¡¹ç›®å°†ã€ŠåŠ¨æ‰‹å­¦æ·±åº¦å­¦ä¹ ã€‹(Dive into Deep Learning)åŸä¹¦ä¸­çš„MXNetå®ç°æ”¹ä¸ºPyTorchå®ç°ã€‚,https://github.com/ShusenTang/Dive-into-DL-PyTorch,Jupyter Notebook,2019-02-21T03:45:20Z,2024-10-14T09:20:31Z,18261,5388,80,Apache License 2.0
DeOldify,jantic,A Deep Learning based project for colorizing and restoring old images (and video!),https://github.com/jantic/DeOldify,Python,2018-10-31T23:32:34Z,2024-10-14T01:58:06Z,17985,2563,10,MIT License
CNTK,microsoft,"Microsoft Cognitive Toolkit (CNTK), an open source deep-learning toolkit",https://github.com/microsoft/CNTK,C++,2015-11-26T09:52:06Z,2024-10-12T21:06:23Z,17504,4282,840,Other
nndl.github.io,nndl,ã€Šç¥ç»ç½‘ç»œä¸æ·±åº¦å­¦ä¹ ã€‹ é‚±é”¡é¹è‘— Neural Network and Deep Learning ,https://github.com/nndl/nndl.github.io,HTML,2016-09-06T08:09:06Z,2024-10-14T09:12:47Z,17396,3578,83,No License
ml-agents,Unity-Technologies,The Unity Machine Learning Agents Toolkit (ML-Agents) is an open-source project that enables games and simulations to serve as environments for training intelligent agents using deep reinforcement learning and imitation learning.,https://github.com/Unity-Technologies/ml-agents,C#,2017-09-08T21:09:04Z,2024-10-14T06:58:10Z,17039,4148,44,Other
deeplearning-models,rasbt,"A collection of various deep learning architectures, models, and tips",https://github.com/rasbt/deeplearning-models,Jupyter Notebook,2019-06-05T16:08:20Z,2024-10-14T00:33:02Z,16666,4000,5,MIT License
Made-With-ML,GokuMohandas,"Learn how to design, develop, deploy and iterate on production-grade ML applications.",https://github.com/GokuMohandas/Made-With-ML,Jupyter Notebook,2018-11-05T03:44:27Z,2024-10-14T05:31:44Z,37248,5896,21,MIT License
airflow,apache,"Apache Airflow - A platform to programmatically author, schedule, and monitor workflows",https://github.com/apache/airflow,Python,2015-04-13T18:04:58Z,2024-10-14T09:37:53Z,36665,14186,1194,Apache License 2.0
vllm,vllm-project,A high-throughput and memory-efficient inference and serving engine for LLMs,https://github.com/vllm-project/vllm,Python,2023-02-09T11:23:20Z,2024-10-14T09:29:18Z,28355,4197,2147,Apache License 2.0
jina,jina-ai,â˜ï¸ Build multimodal AI applications with cloud-native stack,https://github.com/jina-ai/jina,Python,2020-02-13T17:04:44Z,2024-10-14T06:40:06Z,21035,2217,22,Apache License 2.0
qdrant,qdrant,"Qdrant - High-performance, massive-scale Vector Database for the next generation of AI. Also available in the cloud https://cloud.qdrant.io/",https://github.com/qdrant/qdrant,Rust,2020-05-30T21:37:01Z,2024-10-14T08:23:56Z,20128,1364,304,Apache License 2.0
label-studio,HumanSignal,Label Studio is a multi-type data labeling and annotation tool with standardized output format,https://github.com/HumanSignal/label-studio,JavaScript,2019-06-19T02:00:44Z,2024-10-14T09:20:36Z,18819,2337,864,Apache License 2.0
awesome-production-machine-learning,EthicalML,"A curated list of awesome open source libraries to deploy, monitor, version and scale your machine learning",https://github.com/EthicalML/awesome-production-machine-learning,,2018-08-15T14:28:41Z,2024-10-14T07:38:45Z,17438,2231,7,MIT License
argo-workflows,argoproj,Workflow Engine for Kubernetes,https://github.com/argoproj/argo-workflows,Go,2017-08-21T18:50:44Z,2024-10-14T07:51:07Z,14956,3190,1104,Apache License 2.0
nni,microsoft,"An open source AutoML toolkit for automate machine learning lifecycle, including feature engineering, neural architecture search, model compression and hyper-parameter tuning.",https://github.com/microsoft/nni,Python,2018-06-01T05:51:44Z,2024-10-14T01:43:45Z,14010,1810,417,MIT License
taipy,Avaiga,Turns Data and AI algorithms into production-ready web applications in no time.,https://github.com/Avaiga/taipy,Python,2022-02-18T15:55:45Z,2024-10-14T09:24:45Z,13610,1534,164,Apache License 2.0
awesome-mlops,visenger,A curated list of references for MLOps ,https://github.com/visenger/awesome-mlops,,2020-03-03T11:37:19Z,2024-10-14T07:43:20Z,12553,1882,8,No License
ml-engineering,stas00,Machine Learning Engineering Open Book,https://github.com/stas00/ml-engineering,Python,2020-09-02T19:23:01Z,2024-10-14T08:10:03Z,11399,687,3,Creative Commons Attribution Share Alike 4.0 International
dagster,dagster-io,"An orchestration platform for the development, production, and observation of data assets.",https://github.com/dagster-io/dagster,Python,2018-04-30T16:30:04Z,2024-10-14T08:53:37Z,11345,1435,2660,Apache License 2.0
weaviate,weaviate,"Weaviate is an open-source vector database that stores both objects and vectors, allowing for the combination of vector search with structured filtering with the fault tolerance and scalability of a cloud-native databaseâ€‹.",https://github.com/weaviate/weaviate,Go,2016-03-30T15:03:17Z,2024-10-14T08:41:04Z,11110,772,601,"BSD 3-Clause ""New"" or ""Revised"" License"
mlops-zoomcamp,DataTalksClub,Free MLOps course from DataTalks.Club,https://github.com/DataTalksClub/mlops-zoomcamp,Jupyter Notebook,2021-10-21T09:35:28Z,2024-10-14T00:18:11Z,11057,2127,5,No License
amazon-sagemaker-examples,aws,"Example ğŸ““ Jupyter notebooks that demonstrate how to build, train, and deploy machine learning models using ğŸ§  Amazon SageMaker. ",https://github.com/aws/amazon-sagemaker-examples,Jupyter Notebook,2017-10-23T05:55:22Z,2024-10-14T08:31:53Z,10062,6758,816,Apache License 2.0
great_expectations,great-expectations,Always know what to expect from your data.,https://github.com/great-expectations/great_expectations,Python,2017-09-11T00:18:46Z,2024-10-14T06:21:31Z,9904,1533,45,Apache License 2.0
kedro,kedro-org,"Kedro is a toolbox for production-ready data science. It uses software engineering best practices to help you create data engineering and data science pipelines that are reproducible, maintainable, and modular.",https://github.com/kedro-org/kedro,Python,2019-04-18T10:29:56Z,2024-10-14T08:19:20Z,9899,899,292,Apache License 2.0
OpenLLM,bentoml,"Run any open-source LLMs, such as Llama 3.1, Gemma, as OpenAI compatible API endpoint in the cloud.",https://github.com/bentoml/OpenLLM,Python,2023-04-19T00:27:52Z,2024-10-14T04:50:05Z,9874,628,26,Apache License 2.0
wandb,wandb,"The AI developer platform. Use Weights & Biases to train and fine-tune models, and manage models from experimentation to production.",https://github.com/wandb/wandb,Python,2017-03-24T05:46:23Z,2024-10-14T05:00:15Z,8997,667,1017,MIT License
machine-learning-systems-design,chiphuyen,"A booklet on machine learning systems design with exercises. NOT the repo for the book ""Designing Machine Learning Systems""",https://github.com/chiphuyen/machine-learning-systems-design,HTML,2019-11-24T23:16:28Z,2024-10-13T11:34:18Z,8988,1416,10,No License
metaflow,Netflix,"Open Source Platform for developing, scaling and deploying serious ML, AI, and data science systems",https://github.com/Netflix/metaflow,Python,2019-09-17T17:48:25Z,2024-10-14T07:49:05Z,8105,765,335,Apache License 2.0
deeplake,activeloopai,"Database for AI. Store Vectors, Images, Texts, Videos, etc. Use with LLMs/LangChain. Store, query, version, & visualize any AI data. Stream data in real-time to PyTorch/TensorFlow. https://activeloop.ai",https://github.com/activeloopai/deeplake,Python,2019-08-09T06:17:59Z,2024-10-13T11:41:13Z,8094,622,60,Mozilla Public License 2.0
BentoML,bentoml,"The easiest way to serve AI apps and models - Build reliable Inference APIs, LLM apps, Multi-model chains, RAG service, and much more!",https://github.com/bentoml/BentoML,Python,2019-04-02T01:39:27Z,2024-10-14T03:58:52Z,7062,783,168,Apache License 2.0
MLOps-Basics,graviraja,,https://github.com/graviraja/MLOps-Basics,Jupyter Notebook,2021-05-02T10:35:35Z,2024-10-14T07:34:12Z,5969,997,13,MIT License
flyte,flyteorg,"Scalable and flexible workflow orchestration platform that seamlessly unifies data, ML and analytics stacks.",https://github.com/flyteorg/flyte,Go,2019-10-21T17:40:04Z,2024-10-14T09:35:40Z,5629,623,1059,Apache License 2.0
clearml,allegroai,"ClearML - Auto-Magical CI/CD to streamline your AI workload. Experiment Management, Data Management, Pipeline, Orchestration, Scheduling & Serving in one MLOps/LLMOps solution",https://github.com/allegroai/clearml,Python,2019-06-10T08:18:32Z,2024-10-14T09:37:02Z,5628,653,491,Apache License 2.0
feast,feast-dev,The Open Source Feature Store for Machine Learning,https://github.com/feast-dev/feast,Python,2018-12-10T07:20:15Z,2024-10-14T07:03:08Z,5549,993,185,Apache License 2.0
courses,SkalskiP,This repository is a curated collection of links to various courses and resources about Artificial Intelligence (AI),https://github.com/SkalskiP/courses,Python,2023-04-02T10:34:53Z,2024-10-13T17:36:24Z,5347,482,11,No License
evidently,evidentlyai,"Evidently is â€‹â€‹an open-source ML and LLM observability framework. Evaluate, test, and monitor any AI-powered system or data pipeline. From tabular data to Gen AI. 100+ metrics.",https://github.com/evidentlyai/evidently,Jupyter Notebook,2020-11-25T15:20:08Z,2024-10-14T06:09:43Z,5234,592,194,Apache License 2.0
QuantumKatas,microsoft,Tutorials and programming exercises for learning Q# and quantum computing,https://github.com/microsoft/QuantumKatas,Jupyter Notebook,2018-06-06T20:02:33Z,2024-10-12T15:51:46Z,4538,1215,22,MIT License
awesome-quantum-computing,desireevl,A curated list of awesome quantum computing learning and developing resources.,https://github.com/desireevl/awesome-quantum-computing,,2018-01-23T10:07:44Z,2024-10-14T05:13:03Z,2535,400,13,Creative Commons Zero v1.0 Universal
pennylane,PennyLaneAI,"PennyLane is a cross-platform Python library for quantum computing, quantum machine learning, and quantum chemistry. Train a quantum computer the same way as a neural network.",https://github.com/PennyLaneAI/pennylane,Python,2018-04-17T16:45:42Z,2024-10-13T11:30:04Z,2311,593,317,Apache License 2.0
QPanda-2,OriginQ,"QPanda 2 is an open source quantum computing framework developed by  OriginQC that can be used to build, run, and optimize quantum algorithms. ",https://github.com/OriginQ/QPanda-2,C++,2018-06-05T08:23:20Z,2024-10-14T05:42:44Z,1152,91,14,Apache License 2.0
ProjectQ,ProjectQ-Framework,ProjectQ: An open source software framework for quantum computing,https://github.com/ProjectQ-Framework/ProjectQ,Python,2016-12-28T09:31:53Z,2024-10-09T18:38:15Z,884,272,38,Apache License 2.0
quantumcomputingbook,JackHidary,Companion site for the textbook Quantum Computing: An Applied Approach,https://github.com/JackHidary/quantumcomputingbook,Jupyter Notebook,2019-02-28T23:35:20Z,2024-10-12T12:52:55Z,796,220,20,No License
covalent,AgnostiqHQ,Pythonic tool for orchestrating machine-learning/high performance/quantum-computing workflows in heterogeneous compute environments.,https://github.com/AgnostiqHQ/covalent,Python,2021-11-03T14:02:07Z,2024-10-14T08:40:40Z,766,91,85,Apache License 2.0
QuantumComputing,corbett,This is an implementation of IBM's Quantum Experience in simulation; a 5-qubit quantum computer with a limited set of gates. Please cite me if you end up using this academically.,https://github.com/corbett/QuantumComputing,Python,2016-05-09T07:14:13Z,2024-10-10T14:07:08Z,587,141,3,GNU General Public License v3.0
qml,PennyLaneAI,"Introductions to key concepts in quantum programming, as well as tutorials and implementations from cutting-edge quantum computing research.",https://github.com/PennyLaneAI/qml,Python,2019-10-09T19:17:54Z,2024-10-11T15:50:21Z,537,185,46,Apache License 2.0
qpp,softwareQinc,Modern C++ quantum computing library,https://github.com/softwareQinc/qpp,C++,2014-03-21T20:00:40Z,2024-10-13T01:19:48Z,535,116,2,MIT License
amazon-braket-examples,amazon-braket,Example notebooks that show how to apply quantum computing with Amazon Braket.,https://github.com/amazon-braket/amazon-braket-examples,Python,2020-10-05T19:31:03Z,2024-10-08T11:52:00Z,469,225,29,Apache License 2.0
entanglion,Entanglion,The world's first open source quantum computing board game,https://github.com/Entanglion/entanglion,,2018-01-03T19:31:32Z,2024-10-11T02:45:43Z,451,45,2,Other
qcgpu,libtangle,High Performance Tools for Quantum Computing,https://github.com/libtangle/qcgpu,Python,2018-03-05T20:20:41Z,2024-10-02T22:55:22Z,438,50,5,MIT License
Reference-Guide-For-Quantum-Computing-A-Microsoft-Garage-Project,microsoft,"This repository hosts the Reference Guide for Quantum Computing, a Microsoft Garage project",https://github.com/microsoft/Reference-Guide-For-Quantum-Computing-A-Microsoft-Garage-Project,Jupyter Notebook,2020-07-09T13:52:34Z,2024-09-21T03:24:51Z,408,72,1,MIT License
monthly-challenges,qosf,Repository containing monthly challenges in the field of quantum computing.,https://github.com/qosf/monthly-challenges,Jupyter Notebook,2020-10-24T19:31:49Z,2024-10-11T19:04:24Z,401,165,6,Apache License 2.0
classiq-library,Classiq,The Classiq Library is the largest collection of quantum algorithms and applications. It is the best way to explore quantum computing software. We welcome community contributions to our Library ğŸ™Œ,https://github.com/Classiq/classiq-library,Jupyter Notebook,2023-09-07T12:57:29Z,2024-10-14T07:33:03Z,378,308,18,MIT License
q.js,stewdio,Quantum computing in your browser.,https://github.com/stewdio/q.js,JavaScript,2019-05-01T21:11:05Z,2024-09-27T14:16:22Z,335,28,26,Other
pytket-docs,CQCL,User manual and example notebooks for the pytket quantum computing toolkit,https://github.com/CQCL/pytket-docs,Shell,2018-07-11T09:39:17Z,2024-10-11T20:46:25Z,330,90,18,Apache License 2.0
polarization,BoltzmannEntropy,"A group for computer scientists and physicists with aspirations of becoming quantum scientists. Quantum computing, jobs, books and graduate school are amongst the topics covered.",https://github.com/BoltzmannEntropy/polarization,,2021-12-12T17:26:18Z,2024-09-29T23:50:32Z,320,72,0,No License
Quantum-Computing-Collection-Of-Resources,aryashah2k,"A Well Maintained Repository On Quantum Computing Resources [Code+Theory] Updated Regularly During My Time At IBM, Qubit x Qubit And The Coding School's Introduction To Quantum Computing Course '21",https://github.com/aryashah2k/Quantum-Computing-Collection-Of-Resources,Jupyter Notebook,2020-11-11T14:03:13Z,2024-10-13T09:59:46Z,304,79,3,MIT License
qiskit-nature,qiskit-community,"Qiskit Nature is an open-source, quantum computing, framework for solving quantum mechanical natural science problems.",https://github.com/qiskit-community/qiskit-nature,Python,2021-01-27T16:59:03Z,2024-09-21T13:42:44Z,301,204,59,Apache License 2.0
qmcpack,QMCPACK,"Main repository for QMCPACK, an open-source production level many-body ab initio Quantum Monte Carlo code for computing the electronic structure of atoms, molecules, and solids with full performance portable GPU support",https://github.com/QMCPACK/qmcpack,C++,2017-01-11T19:02:29Z,2024-10-11T21:00:36Z,296,138,419,Other
qibo,qiboteam,A framework for quantum computing,https://github.com/qiboteam/qibo,Python,2020-02-18T08:21:10Z,2024-10-14T08:04:17Z,288,60,115,Apache License 2.0
libint,evaleev,Libint: high-performance library for computing Gaussian integrals in quantum mechanics,https://github.com/evaleev/libint,C++,2013-08-13T21:17:06Z,2024-10-03T14:22:04Z,229,95,54,Other
RustQIP,Renmusxd,Quantum computing using rust. Efficient and a borrow-checked no cloning theorem!,https://github.com/Renmusxd/RustQIP,Rust,2019-05-09T04:04:44Z,2024-10-10T18:09:39Z,228,18,30,MIT License
strange,redfx-quantum,Quantum Computing API for Java,https://github.com/redfx-quantum/strange,Java,2018-03-26T16:06:29Z,2024-10-04T13:55:08Z,203,46,7,"BSD 3-Clause ""New"" or ""Revised"" License"
Quantum-NC,microsoft,Microsoft Quantum Computing Libraries for noncommercial use,https://github.com/microsoft/Quantum-NC,F#,2018-01-23T19:10:35Z,2024-08-13T09:45:35Z,197,86,1,Other
pennylane-qiskit,PennyLaneAI,The PennyLane-Qiskit plugin integrates the Qiskit quantum computing framework and IBM Q with PennyLane.,https://github.com/PennyLaneAI/pennylane-qiskit,Python,2018-11-29T21:29:30Z,2024-10-13T07:17:43Z,186,66,25,Apache License 2.0
quantumpy,jtauber,basic quantum computing concepts implemented in Python,https://github.com/jtauber/quantumpy,Python,2013-01-18T04:47:15Z,2024-07-24T04:21:14Z,181,31,0,MIT License
learnquantum,JohnCoogan,Repo of resources to help learn about quantum computing.,https://github.com/JohnCoogan/learnquantum,,2017-08-16T21:43:02Z,2024-09-15T13:09:02Z,176,42,1,No License
awesome-python,vinta,"An opinionated list of awesome Python frameworks, libraries, software and resources.",https://github.com/vinta/awesome-python,Python,2014-06-27T21:00:06Z,2024-10-14T09:24:04Z,221506,24853,420,Other
project-based-learning,practical-tutorials,Curated list of project-based tutorials,https://github.com/practical-tutorials/project-based-learning,,2017-04-12T05:07:46Z,2024-10-14T09:26:21Z,200665,26169,183,MIT License
Python,TheAlgorithms,All Algorithms implemented in Python,https://github.com/TheAlgorithms/Python,Python,2016-07-16T09:44:01Z,2024-10-14T09:29:42Z,191326,45202,330,MIT License
tensorflow,tensorflow,An Open Source Machine Learning Framework for Everyone,https://github.com/tensorflow/tensorflow,C++,2015-11-07T01:19:20Z,2024-10-14T09:36:31Z,186018,74250,5353,Apache License 2.0
CS-Notes,CyC2018,:books: æŠ€æœ¯é¢è¯•å¿…å¤‡åŸºç¡€çŸ¥è¯†ã€Leetcodeã€è®¡ç®—æœºæ“ä½œç³»ç»Ÿã€è®¡ç®—æœºç½‘ç»œã€ç³»ç»Ÿè®¾è®¡,https://github.com/CyC2018/CS-Notes,,2018-02-13T14:56:24Z,2024-10-14T07:55:04Z,175138,50829,182,No License
ohmyzsh,ohmyzsh,"ğŸ™ƒ   A delightful community-driven (with 2,400+ contributors) framework for managing your zsh configuration. Includes 300+ optional plugins (rails, git, macOS, hub, docker, homebrew, node, php, python, etc), 140+ themes to spice up your morning, and an auto-update tool that makes it easy to keep up with the latest updates from the community.",https://github.com/ohmyzsh/ohmyzsh,Shell,2009-08-28T18:15:37Z,2024-10-14T09:17:57Z,173166,25879,436,MIT License
AutoGPT,Significant-Gravitas,"AutoGPT is the vision of accessible AI for everyone, to use and to build on. Our mission is to provide the tools, so that you can focus on what matters.",https://github.com/Significant-Gravitas/AutoGPT,Python,2023-03-16T09:21:07Z,2024-10-14T09:14:31Z,167492,44240,149,Other
Python-100-Days,jackfrued,Python - 100å¤©ä»æ–°æ‰‹åˆ°å¤§å¸ˆ,https://github.com/jackfrued/Python-100-Days,Python,2018-03-01T16:05:52Z,2024-10-14T09:06:12Z,155655,52152,723,No License
transformers,huggingface,"ğŸ¤— Transformers: State-of-the-art Machine Learning for Pytorch, TensorFlow, and JAX.",https://github.com/huggingface/transformers,Python,2018-10-29T13:56:00Z,2024-10-14T09:36:53Z,133338,26635,1416,Apache License 2.0
free-programming-books-zh_CN,justjavac,:books: å…è´¹çš„è®¡ç®—æœºç¼–ç¨‹ç±»ä¸­æ–‡ä¹¦ç±ï¼Œæ¬¢è¿æŠ•ç¨¿,https://github.com/justjavac/free-programming-books-zh_CN,,2013-11-04T01:59:19Z,2024-10-14T09:19:52Z,111464,28210,34,GNU General Public License v3.0
hello-algo,krahets,"ã€ŠHello ç®—æ³•ã€‹ï¼šåŠ¨ç”»å›¾è§£ã€ä¸€é”®è¿è¡Œçš„æ•°æ®ç»“æ„ä¸ç®—æ³•æ•™ç¨‹ã€‚æ”¯æŒ Python, Java, C++, C, C#, JS, Go, Swift, Rust, Ruby, Kotlin, TS, Dart ä»£ç ã€‚ç®€ä½“ç‰ˆå’Œç¹ä½“ç‰ˆåŒæ­¥æ›´æ–°ï¼ŒEnglish version ongoing",https://github.com/krahets/hello-algo,Java,2022-11-04T11:08:34Z,2024-10-14T09:29:25Z,96625,12253,14,Other
HelloGitHub,521xueweihan,":octocat: åˆ†äº« GitHub ä¸Šæœ‰è¶£ã€å…¥é—¨çº§çš„å¼€æºé¡¹ç›®ã€‚Share interesting, entry-level open source projects on GitHub.",https://github.com/521xueweihan/HelloGitHub,Python,2016-05-04T06:24:11Z,2024-10-14T09:36:55Z,91788,9605,150,No License
yt-dlp,yt-dlp,A feature-rich command-line audio/video downloader,https://github.com/yt-dlp/yt-dlp,Python,2020-10-26T04:22:55Z,2024-10-14T08:59:03Z,84765,6610,1701,The Unlicense
pytorch,pytorch,Tensors and Dynamic neural networks in Python with strong GPU acceleration,https://github.com/pytorch/pytorch,Python,2016-08-13T05:26:41Z,2024-10-14T09:28:12Z,82923,22355,15084,Other
django,django,The Web framework for perfectionists with deadlines.,https://github.com/django/django,Python,2012-04-28T02:47:18Z,2024-10-14T06:45:55Z,79614,31686,264,"BSD 3-Clause ""New"" or ""Revised"" License"
fastapi,fastapi,"FastAPI framework, high performance, easy to learn, fast to code, ready for production",https://github.com/fastapi/fastapi,Python,2018-12-08T08:21:47Z,2024-10-14T09:17:06Z,76530,6463,314,MIT License
core,home-assistant,:house_with_garden: Open source home automation that puts local control and privacy first.,https://github.com/home-assistant/core,Python,2013-09-17T07:29:48Z,2024-10-14T09:25:32Z,72489,30329,2779,Apache License 2.0
ML-For-Beginners,microsoft,"12 weeks, 26 lessons, 52 quizzes, classic Machine Learning for all",https://github.com/microsoft/ML-For-Beginners,HTML,2021-03-03T01:34:05Z,2024-10-14T09:24:08Z,69427,14377,6,MIT License
funNLP,fighting41love,"ä¸­è‹±æ–‡æ•æ„Ÿè¯ã€è¯­è¨€æ£€æµ‹ã€ä¸­å¤–æ‰‹æœº/ç”µè¯å½’å±åœ°/è¿è¥å•†æŸ¥è¯¢ã€åå­—æ¨æ–­æ€§åˆ«ã€æ‰‹æœºå·æŠ½å–ã€èº«ä»½è¯æŠ½å–ã€é‚®ç®±æŠ½å–ã€ä¸­æ—¥æ–‡äººååº“ã€ä¸­æ–‡ç¼©å†™åº“ã€æ‹†å­—è¯å…¸ã€è¯æ±‡æƒ…æ„Ÿå€¼ã€åœç”¨è¯ã€ååŠ¨è¯è¡¨ã€æš´æè¯è¡¨ã€ç¹ç®€ä½“è½¬æ¢ã€è‹±æ–‡æ¨¡æ‹Ÿä¸­æ–‡å‘éŸ³ã€æ±ªå³°æ­Œè¯ç”Ÿæˆå™¨ã€èŒä¸šåç§°è¯åº“ã€åŒä¹‰è¯åº“ã€åä¹‰è¯åº“ã€å¦å®šè¯åº“ã€æ±½è½¦å“ç‰Œè¯åº“ã€æ±½è½¦é›¶ä»¶è¯åº“ã€è¿ç»­è‹±æ–‡åˆ‡å‰²ã€å„ç§ä¸­æ–‡è¯å‘é‡ã€å…¬å¸åå­—å¤§å…¨ã€å¤è¯—è¯åº“ã€ITè¯åº“ã€è´¢ç»è¯åº“ã€æˆè¯­è¯åº“ã€åœ°åè¯åº“ã€å†å²åäººè¯åº“ã€è¯—è¯è¯åº“ã€åŒ»å­¦è¯åº“ã€é¥®é£Ÿè¯åº“ã€æ³•å¾‹è¯åº“ã€æ±½è½¦è¯åº“ã€åŠ¨ç‰©è¯åº“ã€ä¸­æ–‡èŠå¤©è¯­æ–™ã€ä¸­æ–‡è°£è¨€æ•°æ®ã€ç™¾åº¦ä¸­æ–‡é—®ç­”æ•°æ®é›†ã€å¥å­ç›¸ä¼¼åº¦åŒ¹é…ç®—æ³•é›†åˆã€bertèµ„æºã€æ–‡æœ¬ç”Ÿæˆ&æ‘˜è¦ç›¸å…³å·¥å…·ã€cocoNLPä¿¡æ¯æŠ½å–å·¥å…·ã€å›½å†…ç”µè¯å·ç æ­£åˆ™åŒ¹é…ã€æ¸…åå¤§å­¦XLORE:ä¸­è‹±æ–‡è·¨è¯­è¨€ç™¾ç§‘çŸ¥è¯†å›¾è°±ã€æ¸…åå¤§å­¦äººå·¥æ™ºèƒ½æŠ€æœ¯ç³»åˆ—æŠ¥å‘Šã€è‡ªç„¶è¯­è¨€ç”Ÿæˆã€NLUå¤ªéš¾äº†ç³»åˆ—ã€è‡ªåŠ¨å¯¹è”æ•°æ®åŠæœºå™¨äººã€ç”¨æˆ·åé»‘åå•åˆ—è¡¨ã€ç½ªåæ³•åŠ¡åè¯åŠåˆ†ç±»æ¨¡å‹ã€å¾®ä¿¡å…¬ä¼—å·è¯­æ–™ã€cs224næ·±åº¦å­¦ä¹ è‡ªç„¶è¯­è¨€å¤„ç†è¯¾ç¨‹ã€ä¸­æ–‡æ‰‹å†™æ±‰å­—è¯†åˆ«ã€ä¸­æ–‡è‡ªç„¶è¯­è¨€å¤„ç† è¯­æ–™/æ•°æ®é›†ã€å˜é‡å‘½åç¥å™¨ã€åˆ†è¯è¯­æ–™åº“+ä»£ç ã€ä»»åŠ¡å‹å¯¹è¯è‹±æ–‡æ•°æ®é›†ã€ASR è¯­éŸ³æ•°æ®é›† + åŸºäºæ·±åº¦å­¦ä¹ çš„ä¸­æ–‡è¯­éŸ³è¯†åˆ«ç³»ç»Ÿã€ç¬‘å£°æ£€æµ‹å™¨ã€Microsoftå¤šè¯­è¨€æ•°å­—/å•ä½/å¦‚æ—¥æœŸæ—¶é—´è¯†åˆ«åŒ…ã€ä¸­åæ–°åå­—å…¸æ•°æ®åº“åŠapi(åŒ…æ‹¬å¸¸ç”¨æ­‡åè¯­ã€æˆè¯­ã€è¯è¯­å’Œæ±‰å­—)ã€æ–‡æ¡£å›¾è°±è‡ªåŠ¨ç”Ÿæˆã€SpaCy ä¸­æ–‡æ¨¡å‹ã€Common Voiceè¯­éŸ³è¯†åˆ«æ•°æ®é›†æ–°ç‰ˆã€ç¥ç»ç½‘ç»œå…³ç³»æŠ½å–ã€åŸºäºbertçš„å‘½åå®ä½“è¯†åˆ«ã€å…³é”®è¯(Keyphrase)æŠ½å–åŒ…pkeã€åŸºäºåŒ»ç–—é¢†åŸŸçŸ¥è¯†å›¾è°±çš„é—®ç­”ç³»ç»Ÿã€åŸºäºä¾å­˜å¥æ³•ä¸è¯­ä¹‰è§’è‰²æ ‡æ³¨çš„äº‹ä»¶ä¸‰å…ƒç»„æŠ½å–ã€ä¾å­˜å¥æ³•åˆ†æ4ä¸‡å¥é«˜è´¨é‡æ ‡æ³¨æ•°æ®ã€cnocrï¼šç”¨æ¥åšä¸­æ–‡OCRçš„Python3åŒ…ã€ä¸­æ–‡äººç‰©å…³ç³»çŸ¥è¯†å›¾è°±é¡¹ç›®ã€ä¸­æ–‡nlpç«èµ›é¡¹ç›®åŠä»£ç æ±‡æ€»ã€ä¸­æ–‡å­—ç¬¦æ•°æ®ã€speech-aligner: ä»â€œäººå£°è¯­éŸ³â€åŠå…¶â€œè¯­è¨€æ–‡æœ¬â€äº§ç”ŸéŸ³ç´ çº§åˆ«æ—¶é—´å¯¹é½æ ‡æ³¨çš„å·¥å…·ã€AmpliGraph: çŸ¥è¯†å›¾è°±è¡¨ç¤ºå­¦ä¹ (Python)åº“ï¼šçŸ¥è¯†å›¾è°±æ¦‚å¿µé“¾æ¥é¢„æµ‹ã€Scattertext æ–‡æœ¬å¯è§†åŒ–(python)ã€è¯­è¨€/çŸ¥è¯†è¡¨ç¤ºå·¥å…·ï¼šBERT & ERNIEã€ä¸­æ–‡å¯¹æ¯”è‹±æ–‡è‡ªç„¶è¯­è¨€å¤„ç†NLPçš„åŒºåˆ«ç»¼è¿°ã€Synonymsä¸­æ–‡è¿‘ä¹‰è¯å·¥å…·åŒ…ã€HarvestTexté¢†åŸŸè‡ªé€‚åº”æ–‡æœ¬æŒ–æ˜å·¥å…·ï¼ˆæ–°è¯å‘ç°-æƒ…æ„Ÿåˆ†æ-å®ä½“é“¾æ¥ç­‰ï¼‰ã€word2wordï¼š(Python)æ–¹ä¾¿æ˜“ç”¨çš„å¤šè¯­è¨€è¯-è¯å¯¹é›†ï¼š62ç§è¯­è¨€/3,564ä¸ªå¤šè¯­è¨€å¯¹ã€è¯­éŸ³è¯†åˆ«è¯­æ–™ç”Ÿæˆå·¥å…·ï¼šä»å…·æœ‰éŸ³é¢‘/å­—å¹•çš„åœ¨çº¿è§†é¢‘åˆ›å»ºè‡ªåŠ¨è¯­éŸ³è¯†åˆ«(ASR)è¯­æ–™åº“ã€æ„å»ºåŒ»ç–—å®ä½“è¯†åˆ«çš„æ¨¡å‹ï¼ˆåŒ…å«è¯å…¸å’Œè¯­æ–™æ ‡æ³¨ï¼‰ã€å•æ–‡æ¡£éç›‘ç£çš„å…³é”®è¯æŠ½å–ã€Kashgariä¸­ä½¿ç”¨gpt-2è¯­è¨€æ¨¡å‹ã€å¼€æºçš„é‡‘èæŠ•èµ„æ•°æ®æå–å·¥å…·ã€æ–‡æœ¬è‡ªåŠ¨æ‘˜è¦åº“TextTeaser: ä»…æ”¯æŒè‹±æ–‡ã€äººæ°‘æ—¥æŠ¥è¯­æ–™å¤„ç†å·¥å…·é›†ã€ä¸€äº›å…³äºè‡ªç„¶è¯­è¨€çš„åŸºæœ¬æ¨¡å‹ã€åŸºäº14Wæ­Œæ›²çŸ¥è¯†åº“çš„é—®ç­”å°è¯•--åŠŸèƒ½åŒ…æ‹¬æ­Œè¯æ¥é¾™andå·²çŸ¥æ­Œè¯æ‰¾æ­Œæ›²ä»¥åŠæ­Œæ›²æ­Œæ‰‹æ­Œè¯ä¸‰è§’å…³ç³»çš„é—®ç­”ã€åŸºäºSiamese bilstmæ¨¡å‹çš„ç›¸ä¼¼å¥å­åˆ¤å®šæ¨¡å‹å¹¶æä¾›è®­ç»ƒæ•°æ®é›†å’Œæµ‹è¯•æ•°æ®é›†ã€ç”¨Transformerç¼–è§£ç æ¨¡å‹å®ç°çš„æ ¹æ®Hacker Newsæ–‡ç« æ ‡é¢˜è‡ªåŠ¨ç”Ÿæˆè¯„è®ºã€ç”¨BERTè¿›è¡Œåºåˆ—æ ‡è®°å’Œæ–‡æœ¬åˆ†ç±»çš„æ¨¡æ¿ä»£ç ã€LitBankï¼šNLPæ•°æ®é›†â€”â€”æ”¯æŒè‡ªç„¶è¯­è¨€å¤„ç†å’Œè®¡ç®—äººæ–‡å­¦ç§‘ä»»åŠ¡çš„100éƒ¨å¸¦æ ‡è®°è‹±æ–‡å°è¯´è¯­æ–™ã€ç™¾åº¦å¼€æºçš„åŸºå‡†ä¿¡æ¯æŠ½å–ç³»ç»Ÿã€è™šå‡æ–°é—»æ•°æ®é›†ã€Facebook: LAMAè¯­è¨€æ¨¡å‹åˆ†æï¼Œæä¾›Transformer-XL/BERT/ELMo/GPTé¢„è®­ç»ƒè¯­è¨€æ¨¡å‹çš„ç»Ÿä¸€è®¿é—®æ¥å£ã€CommonsenseQAï¼šé¢å‘å¸¸è¯†çš„è‹±æ–‡QAæŒ‘æˆ˜ã€ä¸­æ–‡çŸ¥è¯†å›¾è°±èµ„æ–™ã€æ•°æ®åŠå·¥å…·ã€å„å¤§å…¬å¸å†…éƒ¨é‡Œå¤§ç‰›åˆ†äº«çš„æŠ€æœ¯æ–‡æ¡£ PDF æˆ–è€… PPTã€è‡ªç„¶è¯­è¨€ç”ŸæˆSQLè¯­å¥ï¼ˆè‹±æ–‡ï¼‰ã€ä¸­æ–‡NLPæ•°æ®å¢å¼ºï¼ˆEDAï¼‰å·¥å…·ã€è‹±æ–‡NLPæ•°æ®å¢å¼ºå·¥å…· ã€åŸºäºåŒ»è¯çŸ¥è¯†å›¾è°±çš„æ™ºèƒ½é—®ç­”ç³»ç»Ÿã€äº¬ä¸œå•†å“çŸ¥è¯†å›¾è°±ã€åŸºäºmongodbå­˜å‚¨çš„å†›äº‹é¢†åŸŸçŸ¥è¯†å›¾è°±é—®ç­”é¡¹ç›®ã€åŸºäºè¿œç›‘ç£çš„ä¸­æ–‡å…³ç³»æŠ½å–ã€è¯­éŸ³æƒ…æ„Ÿåˆ†æã€ä¸­æ–‡ULMFiT-æƒ…æ„Ÿåˆ†æ-æ–‡æœ¬åˆ†ç±»-è¯­æ–™åŠæ¨¡å‹ã€ä¸€ä¸ªæ‹ç…§åšé¢˜ç¨‹åºã€ä¸–ç•Œå„å›½å¤§è§„æ¨¡äººååº“ã€ä¸€ä¸ªåˆ©ç”¨æœ‰è¶£ä¸­æ–‡è¯­æ–™åº“ qingyun è®­ç»ƒå‡ºæ¥çš„ä¸­æ–‡èŠå¤©æœºå™¨äººã€ä¸­æ–‡èŠå¤©æœºå™¨äººseqGANã€çœå¸‚åŒºé•‡è¡Œæ”¿åŒºåˆ’æ•°æ®å¸¦æ‹¼éŸ³æ ‡æ³¨ã€æ•™è‚²è¡Œä¸šæ–°é—»è¯­æ–™åº“åŒ…å«è‡ªåŠ¨æ–‡æ‘˜åŠŸèƒ½ã€å¼€æ”¾äº†å¯¹è¯æœºå™¨äºº-çŸ¥è¯†å›¾è°±-è¯­ä¹‰ç†è§£-è‡ªç„¶è¯­è¨€å¤„ç†å·¥å…·åŠæ•°æ®ã€ä¸­æ–‡çŸ¥è¯†å›¾è°±ï¼šåŸºäºç™¾åº¦ç™¾ç§‘ä¸­æ–‡é¡µé¢-æŠ½å–ä¸‰å…ƒç»„ä¿¡æ¯-æ„å»ºä¸­æ–‡çŸ¥è¯†å›¾è°±ã€masr: ä¸­æ–‡è¯­éŸ³è¯†åˆ«-æä¾›é¢„è®­ç»ƒæ¨¡å‹-é«˜è¯†åˆ«ç‡ã€PythonéŸ³é¢‘æ•°æ®å¢å¹¿åº“ã€ä¸­æ–‡å…¨è¯è¦†ç›–BERTåŠä¸¤ä»½é˜…è¯»ç†è§£æ•°æ®ã€ConvLabï¼šå¼€æºå¤šåŸŸç«¯åˆ°ç«¯å¯¹è¯ç³»ç»Ÿå¹³å°ã€ä¸­æ–‡è‡ªç„¶è¯­è¨€å¤„ç†æ•°æ®é›†ã€åŸºäºæœ€æ–°ç‰ˆæœ¬rasaæ­å»ºçš„å¯¹è¯ç³»ç»Ÿã€åŸºäºTensorFlowå’ŒBERTçš„ç®¡é“å¼å®ä½“åŠå…³ç³»æŠ½å–ã€ä¸€ä¸ªå°å‹çš„è¯åˆ¸çŸ¥è¯†å›¾è°±/çŸ¥è¯†åº“ã€å¤ç›˜æ‰€æœ‰NLPæ¯”èµ›çš„TOPæ–¹æ¡ˆã€OpenCLaPï¼šå¤šé¢†åŸŸå¼€æºä¸­æ–‡é¢„è®­ç»ƒè¯­è¨€æ¨¡å‹ä»“åº“ã€UERï¼šåŸºäºä¸åŒè¯­æ–™+ç¼–ç å™¨+ç›®æ ‡ä»»åŠ¡çš„ä¸­æ–‡é¢„è®­ç»ƒæ¨¡å‹ä»“åº“ã€ä¸­æ–‡è‡ªç„¶è¯­è¨€å¤„ç†å‘é‡åˆé›†ã€åŸºäºé‡‘è-å¸æ³•é¢†åŸŸ(å…¼æœ‰é—²èŠæ€§è´¨)çš„èŠå¤©æœºå™¨äººã€g2pCï¼šåŸºäºä¸Šä¸‹æ–‡çš„æ±‰è¯­è¯»éŸ³è‡ªåŠ¨æ ‡è®°æ¨¡å—ã€Zincbase çŸ¥è¯†å›¾è°±æ„å»ºå·¥å…·åŒ…ã€è¯—æ­Œè´¨é‡è¯„ä»·/ç»†ç²’åº¦æƒ…æ„Ÿè¯—æ­Œè¯­æ–™åº“ã€å¿«é€Ÿè½¬åŒ–ã€Œä¸­æ–‡æ•°å­—ã€å’Œã€Œé˜¿æ‹‰ä¼¯æ•°å­—ã€ã€ç™¾åº¦çŸ¥é“é—®ç­”è¯­æ–™åº“ã€åŸºäºçŸ¥è¯†å›¾è°±çš„é—®ç­”ç³»ç»Ÿã€jieba_fast åŠ é€Ÿç‰ˆçš„jiebaã€æ­£åˆ™è¡¨è¾¾å¼æ•™ç¨‹ã€ä¸­æ–‡é˜…è¯»ç†è§£æ•°æ®é›†ã€åŸºäºBERTç­‰æœ€æ–°è¯­è¨€æ¨¡å‹çš„æŠ½å–å¼æ‘˜è¦æå–ã€Pythonåˆ©ç”¨æ·±åº¦å­¦ä¹ è¿›è¡Œæ–‡æœ¬æ‘˜è¦çš„ç»¼åˆæŒ‡å—ã€çŸ¥è¯†å›¾è°±æ·±åº¦å­¦ä¹ ç›¸å…³èµ„æ–™æ•´ç†ã€ç»´åŸºå¤§è§„æ¨¡å¹³è¡Œæ–‡æœ¬è¯­æ–™ã€StanfordNLP 0.2.0ï¼šçº¯Pythonç‰ˆè‡ªç„¶è¯­è¨€å¤„ç†åŒ…ã€NeuralNLP-NeuralClassifierï¼šè…¾è®¯å¼€æºæ·±åº¦å­¦ä¹ æ–‡æœ¬åˆ†ç±»å·¥å…·ã€ç«¯åˆ°ç«¯çš„å°é—­åŸŸå¯¹è¯ç³»ç»Ÿã€ä¸­æ–‡å‘½åå®ä½“è¯†åˆ«ï¼šNeuroNER vs. BertNERã€æ–°é—»äº‹ä»¶çº¿ç´¢æŠ½å–ã€2019å¹´ç™¾åº¦çš„ä¸‰å…ƒç»„æŠ½å–æ¯”èµ›ï¼šâ€œç§‘å­¦ç©ºé—´é˜Ÿâ€æºç ã€åŸºäºä¾å­˜å¥æ³•çš„å¼€æ”¾åŸŸæ–‡æœ¬çŸ¥è¯†ä¸‰å…ƒç»„æŠ½å–å’ŒçŸ¥è¯†åº“æ„å»ºã€ä¸­æ–‡çš„GPT2è®­ç»ƒä»£ç ã€ML-NLP - æœºå™¨å­¦ä¹ (Machine Learning)NLPé¢è¯•ä¸­å¸¸è€ƒåˆ°çš„çŸ¥è¯†ç‚¹å’Œä»£ç å®ç°ã€nlp4han:ä¸­æ–‡è‡ªç„¶è¯­è¨€å¤„ç†å·¥å…·é›†(æ–­å¥/åˆ†è¯/è¯æ€§æ ‡æ³¨/ç»„å—/å¥æ³•åˆ†æ/è¯­ä¹‰åˆ†æ/NER/Nå…ƒè¯­æ³•/HMM/ä»£è¯æ¶ˆè§£/æƒ…æ„Ÿåˆ†æ/æ‹¼å†™æ£€æŸ¥ã€XLMï¼šFacebookçš„è·¨è¯­è¨€é¢„è®­ç»ƒè¯­è¨€æ¨¡å‹ã€ç”¨åŸºäºBERTçš„å¾®è°ƒå’Œç‰¹å¾æå–æ–¹æ³•æ¥è¿›è¡ŒçŸ¥è¯†å›¾è°±ç™¾åº¦ç™¾ç§‘äººç‰©è¯æ¡å±æ€§æŠ½å–ã€ä¸­æ–‡è‡ªç„¶è¯­è¨€å¤„ç†ç›¸å…³çš„å¼€æ”¾ä»»åŠ¡-æ•°æ®é›†-å½“å‰æœ€ä½³ç»“æœã€CoupletAI - åŸºäºCNN+Bi-LSTM+Attention çš„è‡ªåŠ¨å¯¹å¯¹è”ç³»ç»Ÿã€æŠ½è±¡çŸ¥è¯†å›¾è°±ã€MiningZhiDaoQACorpus - 580ä¸‡ç™¾åº¦çŸ¥é“é—®ç­”æ•°æ®æŒ–æ˜é¡¹ç›®ã€brat rapid annotation tool: åºåˆ—æ ‡æ³¨å·¥å…·ã€å¤§è§„æ¨¡ä¸­æ–‡çŸ¥è¯†å›¾è°±æ•°æ®ï¼š1.4äº¿å®ä½“ã€æ•°æ®å¢å¼ºåœ¨æœºå™¨ç¿»è¯‘åŠå…¶ä»–nlpä»»åŠ¡ä¸­çš„åº”ç”¨åŠæ•ˆæœã€allennlpé˜…è¯»ç†è§£:æ”¯æŒå¤šç§æ•°æ®å’Œæ¨¡å‹ã€PDFè¡¨æ ¼æ•°æ®æå–å·¥å…· ã€ Graphbrainï¼šAIå¼€æºè½¯ä»¶åº“å’Œç§‘ç ”å·¥å…·ï¼Œç›®çš„æ˜¯ä¿ƒè¿›è‡ªåŠ¨æ„ä¹‰æå–å’Œæ–‡æœ¬ç†è§£ä»¥åŠçŸ¥è¯†çš„æ¢ç´¢å’Œæ¨æ–­ã€ç®€å†è‡ªåŠ¨ç­›é€‰ç³»ç»Ÿã€åŸºäºå‘½åå®ä½“è¯†åˆ«çš„ç®€å†è‡ªåŠ¨æ‘˜è¦ã€ä¸­æ–‡è¯­è¨€ç†è§£æµ‹è¯„åŸºå‡†ï¼ŒåŒ…æ‹¬ä»£è¡¨æ€§çš„æ•°æ®é›†&åŸºå‡†æ¨¡å‹&è¯­æ–™åº“&æ’è¡Œæ¦œã€æ ‘æ´ OCR æ–‡å­—è¯†åˆ« ã€ä»åŒ…å«è¡¨æ ¼çš„æ‰«æå›¾ç‰‡ä¸­è¯†åˆ«è¡¨æ ¼å’Œæ–‡å­—ã€è¯­å£°è¿ç§»ã€Pythonå£è¯­è‡ªç„¶è¯­è¨€å¤„ç†å·¥å…·é›†(è‹±æ–‡)ã€ similarityï¼šç›¸ä¼¼åº¦è®¡ç®—å·¥å…·åŒ…ï¼Œjavaç¼–å†™ã€æµ·é‡ä¸­æ–‡é¢„è®­ç»ƒALBERTæ¨¡å‹ ã€Transformers 2.0 ã€åŸºäºå¤§è§„æ¨¡éŸ³é¢‘æ•°æ®é›†Audiosetçš„éŸ³é¢‘å¢å¼º ã€Poplarï¼šç½‘é¡µç‰ˆè‡ªç„¶è¯­è¨€æ ‡æ³¨å·¥å…·ã€å›¾ç‰‡æ–‡å­—å»é™¤ï¼Œå¯ç”¨äºæ¼«ç”»ç¿»è¯‘ ã€186ç§è¯­è¨€çš„æ•°å­—å«æ³•åº“ã€Amazonå‘å¸ƒåŸºäºçŸ¥è¯†çš„äºº-äººå¼€æ”¾é¢†åŸŸå¯¹è¯æ•°æ®é›† ã€ä¸­æ–‡æ–‡æœ¬çº é”™æ¨¡å—ä»£ç ã€ç¹ç®€ä½“è½¬æ¢ ã€ Pythonå®ç°çš„å¤šç§æ–‡æœ¬å¯è¯»æ€§è¯„ä»·æŒ‡æ ‡ã€ç±»ä¼¼äºäººå/åœ°å/ç»„ç»‡æœºæ„åçš„å‘½åä½“è¯†åˆ«æ•°æ®é›† ã€ä¸œå—å¤§å­¦ã€ŠçŸ¥è¯†å›¾è°±ã€‹ç ”ç©¶ç”Ÿè¯¾ç¨‹(èµ„æ–™)ã€. è‹±æ–‡æ‹¼å†™æ£€æŸ¥åº“ ã€ wwsearchæ˜¯ä¼ä¸šå¾®ä¿¡åå°è‡ªç ”çš„å…¨æ–‡æ£€ç´¢å¼•æ“ã€CHAMELEONï¼šæ·±åº¦å­¦ä¹ æ–°é—»æ¨èç³»ç»Ÿå…ƒæ¶æ„ ã€ 8ç¯‡è®ºæ–‡æ¢³ç†BERTç›¸å…³æ¨¡å‹è¿›å±•ä¸åæ€ã€DocSearchï¼šå…è´¹æ–‡æ¡£æœç´¢å¼•æ“ã€ LIDAï¼šè½»é‡äº¤äº’å¼å¯¹è¯æ ‡æ³¨å·¥å…· ã€aili - the fastest in-memory index in the East ä¸œåŠçƒæœ€å¿«å¹¶å‘ç´¢å¼• ã€çŸ¥è¯†å›¾è°±è½¦éŸ³å·¥ä½œé¡¹ç›®ã€è‡ªç„¶è¯­è¨€ç”Ÿæˆèµ„æºå¤§å…¨ ã€ä¸­æ—¥éŸ©åˆ†è¯åº“mecabçš„Pythonæ¥å£åº“ã€ä¸­æ–‡æ–‡æœ¬æ‘˜è¦/å…³é”®è¯æå–ã€æ±‰å­—å­—ç¬¦ç‰¹å¾æå–å™¨ (featurizer)ï¼Œæå–æ±‰å­—çš„ç‰¹å¾ï¼ˆå‘éŸ³ç‰¹å¾ã€å­—å½¢ç‰¹å¾ï¼‰ç”¨åšæ·±åº¦å­¦ä¹ çš„ç‰¹å¾ã€ä¸­æ–‡ç”Ÿæˆä»»åŠ¡åŸºå‡†æµ‹è¯„ ã€ä¸­æ–‡ç¼©å†™æ•°æ®é›†ã€ä¸­æ–‡ä»»åŠ¡åŸºå‡†æµ‹è¯„ - ä»£è¡¨æ€§çš„æ•°æ®é›†-åŸºå‡†(é¢„è®­ç»ƒ)æ¨¡å‹-è¯­æ–™åº“-baseline-å·¥å…·åŒ…-æ’è¡Œæ¦œã€PySS3ï¼šé¢å‘å¯è§£é‡ŠAIçš„SS3æ–‡æœ¬åˆ†ç±»å™¨æœºå™¨å¯è§†åŒ–å·¥å…· ã€ä¸­æ–‡NLPæ•°æ®é›†åˆ—è¡¨ã€COPE - æ ¼å¾‹è¯—ç¼–è¾‘ç¨‹åºã€doccanoï¼šåŸºäºç½‘é¡µçš„å¼€æºååŒå¤šè¯­è¨€æ–‡æœ¬æ ‡æ³¨å·¥å…· ã€PreNLPï¼šè‡ªç„¶è¯­è¨€é¢„å¤„ç†åº“ã€ç®€å•çš„ç®€å†è§£æå™¨ï¼Œç”¨æ¥ä»ç®€å†ä¸­æå–å…³é”®ä¿¡æ¯ã€ç”¨äºä¸­æ–‡é—²èŠçš„GPT2æ¨¡å‹ï¼šGPT2-chitchatã€åŸºäºæ£€ç´¢èŠå¤©æœºå™¨äººå¤šè½®å“åº”é€‰æ‹©ç›¸å…³èµ„æºåˆ—è¡¨(Leaderboardsã€Datasetsã€Papers)ã€(Colab)æŠ½è±¡æ–‡æœ¬æ‘˜è¦å®ç°é›†é”¦(æ•™ç¨‹ ã€è¯è¯­æ‹¼éŸ³æ•°æ®ã€é«˜æ•ˆæ¨¡ç³Šæœç´¢å·¥å…·ã€NLPæ•°æ®å¢å¹¿èµ„æºé›†ã€å¾®è½¯å¯¹è¯æœºå™¨äººæ¡†æ¶ ã€ GitHub Typo Corpusï¼šå¤§è§„æ¨¡GitHubå¤šè¯­è¨€æ‹¼å†™é”™è¯¯/è¯­æ³•é”™è¯¯æ•°æ®é›†ã€TextClusterï¼šçŸ­æ–‡æœ¬èšç±»é¢„å¤„ç†æ¨¡å— Short text clusterã€é¢å‘è¯­éŸ³è¯†åˆ«çš„ä¸­æ–‡æ–‡æœ¬è§„èŒƒåŒ–ã€BLINKï¼šæœ€å…ˆè¿›çš„å®ä½“é“¾æ¥åº“ã€BertPuncï¼šåŸºäºBERTçš„æœ€å…ˆè¿›æ ‡ç‚¹ä¿®å¤æ¨¡å‹ã€Tokenizerï¼šå¿«é€Ÿã€å¯å®šåˆ¶çš„æ–‡æœ¬è¯æ¡åŒ–åº“ã€ä¸­æ–‡è¯­è¨€ç†è§£æµ‹è¯„åŸºå‡†ï¼ŒåŒ…æ‹¬ä»£è¡¨æ€§çš„æ•°æ®é›†ã€åŸºå‡†(é¢„è®­ç»ƒ)æ¨¡å‹ã€è¯­æ–™åº“ã€æ’è¡Œæ¦œã€spaCy åŒ»å­¦æ–‡æœ¬æŒ–æ˜ä¸ä¿¡æ¯æå– ã€ NLPä»»åŠ¡ç¤ºä¾‹é¡¹ç›®ä»£ç é›†ã€ pythonæ‹¼å†™æ£€æŸ¥åº“ã€chatbot-list - è¡Œä¸šå†…å…³äºæ™ºèƒ½å®¢æœã€èŠå¤©æœºå™¨äººçš„åº”ç”¨å’Œæ¶æ„ã€ç®—æ³•åˆ†äº«å’Œä»‹ç»ã€è¯­éŸ³è´¨é‡è¯„ä»·æŒ‡æ ‡(MOSNet, BSSEval, STOI, PESQ, SRMR)ã€ ç”¨138GBè¯­æ–™è®­ç»ƒçš„æ³•æ–‡RoBERTaé¢„è®­ç»ƒè¯­è¨€æ¨¡å‹ ã€BERT-NER-Pytorchï¼šä¸‰ç§ä¸åŒæ¨¡å¼çš„BERTä¸­æ–‡NERå®éªŒã€æ— é“è¯å…¸ - æœ‰é“è¯å…¸çš„å‘½ä»¤è¡Œç‰ˆæœ¬ï¼Œæ”¯æŒè‹±æ±‰äº’æŸ¥å’Œåœ¨çº¿æŸ¥è¯¢ã€2019å¹´NLPäº®ç‚¹å›é¡¾ã€ Chinese medical dialogue data ä¸­æ–‡åŒ»ç–—å¯¹è¯æ•°æ®é›† ã€æœ€å¥½çš„æ±‰å­—æ•°å­—(ä¸­æ–‡æ•°å­—)-é˜¿æ‹‰ä¼¯æ•°å­—è½¬æ¢å·¥å…·ã€ åŸºäºç™¾ç§‘çŸ¥è¯†åº“çš„ä¸­æ–‡è¯è¯­å¤šè¯ä¹‰/ä¹‰é¡¹è·å–ä¸ç‰¹å®šå¥å­è¯è¯­è¯­ä¹‰æ¶ˆæ­§ã€awesome-nlp-sentiment-analysis - æƒ…æ„Ÿåˆ†æã€æƒ…ç»ªåŸå› è¯†åˆ«ã€è¯„ä»·å¯¹è±¡å’Œè¯„ä»·è¯æŠ½å–ã€LineFlowï¼šé¢å‘æ‰€æœ‰æ·±åº¦å­¦ä¹ æ¡†æ¶çš„NLPæ•°æ®é«˜æ•ˆåŠ è½½å™¨ã€ä¸­æ–‡åŒ»å­¦NLPå…¬å¼€èµ„æºæ•´ç† ã€MedQuADï¼š(è‹±æ–‡)åŒ»å­¦é—®ç­”æ•°æ®é›†ã€å°†è‡ªç„¶è¯­è¨€æ•°å­—ä¸²è§£æè½¬æ¢ä¸ºæ•´æ•°å’Œæµ®ç‚¹æ•°ã€Transfer Learning in Natural Language Processing (NLP) ã€é¢å‘è¯­éŸ³è¯†åˆ«çš„ä¸­æ–‡/è‹±æ–‡å‘éŸ³è¾å…¸ã€Tokenizersï¼šæ³¨é‡æ€§èƒ½ä¸å¤šåŠŸèƒ½æ€§çš„æœ€å…ˆè¿›åˆ†è¯å™¨ã€CLUENER ç»†ç²’åº¦å‘½åå®ä½“è¯†åˆ« Fine Grained Named Entity Recognitionã€ åŸºäºBERTçš„ä¸­æ–‡å‘½åå®ä½“è¯†åˆ«ã€ä¸­æ–‡è°£è¨€æ•°æ®åº“ã€NLPæ•°æ®é›†/åŸºå‡†ä»»åŠ¡å¤§åˆ—è¡¨ã€nlpç›¸å…³çš„ä¸€äº›è®ºæ–‡åŠä»£ç , åŒ…æ‹¬ä¸»é¢˜æ¨¡å‹ã€è¯å‘é‡(Word Embedding)ã€å‘½åå®ä½“è¯†åˆ«(NER)ã€æ–‡æœ¬åˆ†ç±»(Text Classificatin)ã€æ–‡æœ¬ç”Ÿæˆ(Text Generation)ã€æ–‡æœ¬ç›¸ä¼¼æ€§(Text Similarity)è®¡ç®—ç­‰ï¼Œæ¶‰åŠåˆ°å„ç§ä¸nlpç›¸å…³çš„ç®—æ³•ï¼ŒåŸºäºkeraså’Œtensorflow ã€Pythonæ–‡æœ¬æŒ–æ˜/NLPå®æˆ˜ç¤ºä¾‹ã€ Blackstoneï¼šé¢å‘éç»“æ„åŒ–æ³•å¾‹æ–‡æœ¬çš„spaCy pipelineå’ŒNLPæ¨¡å‹é€šè¿‡åŒä¹‰è¯æ›¿æ¢å®ç°æ–‡æœ¬â€œå˜è„¸â€ ã€ä¸­æ–‡ é¢„è®­ç»ƒ ELECTREA æ¨¡å‹: åŸºäºå¯¹æŠ—å­¦ä¹  pretrain Chinese Model ã€albert-chinese-ner - ç”¨é¢„è®­ç»ƒè¯­è¨€æ¨¡å‹ALBERTåšä¸­æ–‡NER ã€åŸºäºGPT2çš„ç‰¹å®šä¸»é¢˜æ–‡æœ¬ç”Ÿæˆ/æ–‡æœ¬å¢å¹¿ã€å¼€æºé¢„è®­ç»ƒè¯­è¨€æ¨¡å‹åˆé›†ã€å¤šè¯­è¨€å¥å‘é‡åŒ…ã€ç¼–ç ã€æ ‡è®°å’Œå®ç°ï¼šä¸€ç§å¯æ§é«˜æ•ˆçš„æ–‡æœ¬ç”Ÿæˆæ–¹æ³•ã€ è‹±æ–‡è„è¯å¤§åˆ—è¡¨ ã€attnvisï¼šGPT2ã€BERTç­‰transformerè¯­è¨€æ¨¡å‹æ³¨æ„åŠ›äº¤äº’å¯è§†åŒ–ã€CoVoSTï¼šFacebookå‘å¸ƒçš„å¤šè¯­ç§è¯­éŸ³-æ–‡æœ¬ç¿»è¯‘è¯­æ–™åº“ï¼ŒåŒ…æ‹¬11ç§è¯­è¨€(æ³•è¯­ã€å¾·è¯­ã€è·å…°è¯­ã€ä¿„è¯­ã€è¥¿ç­ç‰™è¯­ã€æ„å¤§åˆ©è¯­ã€åœŸè€³å…¶è¯­ã€æ³¢æ–¯è¯­ã€ç‘å…¸è¯­ã€è’™å¤è¯­å’Œä¸­æ–‡)çš„è¯­éŸ³ã€æ–‡å­—è½¬å½•åŠè‹±æ–‡è¯‘æ–‡ã€Jiaguè‡ªç„¶è¯­è¨€å¤„ç†å·¥å…· - ä»¥BiLSTMç­‰æ¨¡å‹ä¸ºåŸºç¡€ï¼Œæä¾›çŸ¥è¯†å›¾è°±å…³ç³»æŠ½å– ä¸­æ–‡åˆ†è¯ è¯æ€§æ ‡æ³¨ å‘½åå®ä½“è¯†åˆ« æƒ…æ„Ÿåˆ†æ æ–°è¯å‘ç° å…³é”®è¯ æ–‡æœ¬æ‘˜è¦ æ–‡æœ¬èšç±»ç­‰åŠŸèƒ½ã€ç”¨unetå®ç°å¯¹æ–‡æ¡£è¡¨æ ¼çš„è‡ªåŠ¨æ£€æµ‹ï¼Œè¡¨æ ¼é‡å»ºã€NLPäº‹ä»¶æå–æ–‡çŒ®èµ„æºåˆ—è¡¨ ã€ é‡‘èé¢†åŸŸè‡ªç„¶è¯­è¨€å¤„ç†ç ”ç©¶èµ„æºå¤§åˆ—è¡¨ã€CLUEDatasetSearch - ä¸­è‹±æ–‡NLPæ•°æ®é›†ï¼šæœç´¢æ‰€æœ‰ä¸­æ–‡NLPæ•°æ®é›†ï¼Œé™„å¸¸ç”¨è‹±æ–‡NLPæ•°æ®é›† ã€medical_NER - ä¸­æ–‡åŒ»å­¦çŸ¥è¯†å›¾è°±å‘½åå®ä½“è¯†åˆ« ã€(å“ˆä½›)è®²å› æœæ¨ç†çš„å…è´¹ä¹¦ã€çŸ¥è¯†å›¾è°±ç›¸å…³å­¦ä¹ èµ„æ–™/æ•°æ®é›†/å·¥å…·èµ„æºå¤§åˆ—è¡¨ã€Forteï¼šçµæ´»å¼ºå¤§çš„è‡ªç„¶è¯­è¨€å¤„ç†pipelineå·¥å…·é›† ã€Pythonå­—ç¬¦ä¸²ç›¸ä¼¼æ€§ç®—æ³•åº“ã€PyLaiaï¼šé¢å‘æ‰‹å†™æ–‡æ¡£åˆ†æçš„æ·±åº¦å­¦ä¹ å·¥å…·åŒ…ã€TextFoolerï¼šé’ˆå¯¹æ–‡æœ¬åˆ†ç±»/æ¨ç†çš„å¯¹æŠ—æ–‡æœ¬ç”Ÿæˆæ¨¡å—ã€Haystackï¼šçµæ´»ã€å¼ºå¤§çš„å¯æ‰©å±•é—®ç­”(QA)æ¡†æ¶ã€ä¸­æ–‡å…³é”®çŸ­è¯­æŠ½å–å·¥å…·",https://github.com/fighting41love/funNLP,Python,2018-08-21T11:20:39Z,2024-10-14T09:21:51Z,68285,14453,29,No License
flask,pallets,The Python micro framework for building web applications.,https://github.com/pallets/flask,Python,2010-04-06T11:11:59Z,2024-10-14T06:24:02Z,67825,16200,13,"BSD 3-Clause ""New"" or ""Revised"" License"
manim,3b1b,Animation engine for explanatory math videos,https://github.com/3b1b/manim,Python,2015-03-22T18:50:58Z,2024-10-14T09:37:41Z,66738,5999,441,MIT License
devops-exercises,bregman-arie,"Linux, Jenkins, AWS, SRE, Prometheus, Docker, Python, Ansible, Git, Kubernetes, Terraform, OpenStack, SQL, NoSQL, Azure, GCP, DNS, Elastic, Network, Virtualization. DevOps Interview Questions",https://github.com/bregman-arie/devops-exercises,Python,2019-10-03T17:31:21Z,2024-10-14T07:46:01Z,66261,14791,31,Other
gpt_academic,binary-husky,"ä¸ºGPT/GLMç­‰LLMå¤§è¯­è¨€æ¨¡å‹æä¾›å®ç”¨åŒ–äº¤äº’æ¥å£ï¼Œç‰¹åˆ«ä¼˜åŒ–è®ºæ–‡é˜…è¯»/æ¶¦è‰²/å†™ä½œä½“éªŒï¼Œæ¨¡å—åŒ–è®¾è®¡ï¼Œæ”¯æŒè‡ªå®šä¹‰å¿«æ·æŒ‰é’®&å‡½æ•°æ’ä»¶ï¼Œæ”¯æŒPythonå’ŒC++ç­‰é¡¹ç›®å‰–æ&è‡ªè¯‘è§£åŠŸèƒ½ï¼ŒPDF/LaTexè®ºæ–‡ç¿»è¯‘&æ€»ç»“åŠŸèƒ½ï¼Œæ”¯æŒå¹¶è¡Œé—®è¯¢å¤šç§LLMæ¨¡å‹ï¼Œæ”¯æŒchatglm3ç­‰æœ¬åœ°æ¨¡å‹ã€‚æ¥å…¥é€šä¹‰åƒé—®, deepseekcoder, è®¯é£æ˜Ÿç«, æ–‡å¿ƒä¸€è¨€, llama2, rwkv, claude2, mossç­‰ã€‚",https://github.com/binary-husky/gpt_academic,Python,2023-03-20T09:05:13Z,2024-10-14T08:55:52Z,64776,8006,361,GNU General Public License v3.0
cpython,python,The Python programming language,https://github.com/python/cpython,Python,2017-02-10T19:23:51Z,2024-10-14T08:53:44Z,62949,30144,8753,Other
ansible,ansible,"Ansible is a radically simple IT automation platform that makes your applications and systems easier to deploy and maintain. Automate everything from code deployment to network configuration to cloud management, in a language that approaches plain English, using SSH, with no agents to install on remote systems. https://docs.ansible.com.",https://github.com/ansible/ansible,Python,2012-03-06T14:58:02Z,2024-10-14T09:14:25Z,62600,23865,864,GNU General Public License v3.0
d2l-zh,d2l-ai,ã€ŠåŠ¨æ‰‹å­¦æ·±åº¦å­¦ä¹ ã€‹ï¼šé¢å‘ä¸­æ–‡è¯»è€…ã€èƒ½è¿è¡Œã€å¯è®¨è®ºã€‚ä¸­è‹±æ–‡ç‰ˆè¢«70å¤šä¸ªå›½å®¶çš„500å¤šæ‰€å¤§å­¦ç”¨äºæ•™å­¦ã€‚,https://github.com/d2l-ai/d2l-zh,Python,2017-08-23T04:40:24Z,2024-10-14T09:37:07Z,62532,10948,86,Apache License 2.0
superset,apache,Apache Superset is a Data Visualization and Data Exploration Platform,https://github.com/apache/superset,TypeScript,2015-07-21T18:55:34Z,2024-10-14T09:25:07Z,62240,13656,993,Apache License 2.0
keras,keras-team,Deep Learning for humans,https://github.com/keras-team/keras,Python,2015-03-28T00:35:42Z,2024-10-14T05:06:26Z,61860,19443,253,Apache License 2.0
gpt4free,xtekky,The official gpt4free repository | various collection of powerful language models,https://github.com/xtekky/gpt4free,Python,2023-03-29T17:00:43Z,2024-10-14T07:44:22Z,60319,13252,21,GNU General Public License v3.0
scikit-learn,scikit-learn,scikit-learn: machine learning in Python,https://github.com/scikit-learn/scikit-learn,Python,2010-08-17T09:43:38Z,2024-10-14T09:11:26Z,59761,25335,2129,"BSD 3-Clause ""New"" or ""Revised"" License"
tensorflow,tensorflow,An Open Source Machine Learning Framework for Everyone,https://github.com/tensorflow/tensorflow,C++,2015-11-07T01:19:20Z,2024-10-14T09:36:31Z,186018,74250,5353,Apache License 2.0
transformers,huggingface,"ğŸ¤— Transformers: State-of-the-art Machine Learning for Pytorch, TensorFlow, and JAX.",https://github.com/huggingface/transformers,Python,2018-10-29T13:56:00Z,2024-10-14T09:36:53Z,133338,26635,1416,Apache License 2.0
ML-For-Beginners,microsoft,"12 weeks, 26 lessons, 52 quizzes, classic Machine Learning for all",https://github.com/microsoft/ML-For-Beginners,HTML,2021-03-03T01:34:05Z,2024-10-14T09:24:08Z,69427,14377,6,MIT License
funNLP,fighting41love,"ä¸­è‹±æ–‡æ•æ„Ÿè¯ã€è¯­è¨€æ£€æµ‹ã€ä¸­å¤–æ‰‹æœº/ç”µè¯å½’å±åœ°/è¿è¥å•†æŸ¥è¯¢ã€åå­—æ¨æ–­æ€§åˆ«ã€æ‰‹æœºå·æŠ½å–ã€èº«ä»½è¯æŠ½å–ã€é‚®ç®±æŠ½å–ã€ä¸­æ—¥æ–‡äººååº“ã€ä¸­æ–‡ç¼©å†™åº“ã€æ‹†å­—è¯å…¸ã€è¯æ±‡æƒ…æ„Ÿå€¼ã€åœç”¨è¯ã€ååŠ¨è¯è¡¨ã€æš´æè¯è¡¨ã€ç¹ç®€ä½“è½¬æ¢ã€è‹±æ–‡æ¨¡æ‹Ÿä¸­æ–‡å‘éŸ³ã€æ±ªå³°æ­Œè¯ç”Ÿæˆå™¨ã€èŒä¸šåç§°è¯åº“ã€åŒä¹‰è¯åº“ã€åä¹‰è¯åº“ã€å¦å®šè¯åº“ã€æ±½è½¦å“ç‰Œè¯åº“ã€æ±½è½¦é›¶ä»¶è¯åº“ã€è¿ç»­è‹±æ–‡åˆ‡å‰²ã€å„ç§ä¸­æ–‡è¯å‘é‡ã€å…¬å¸åå­—å¤§å…¨ã€å¤è¯—è¯åº“ã€ITè¯åº“ã€è´¢ç»è¯åº“ã€æˆè¯­è¯åº“ã€åœ°åè¯åº“ã€å†å²åäººè¯åº“ã€è¯—è¯è¯åº“ã€åŒ»å­¦è¯åº“ã€é¥®é£Ÿè¯åº“ã€æ³•å¾‹è¯åº“ã€æ±½è½¦è¯åº“ã€åŠ¨ç‰©è¯åº“ã€ä¸­æ–‡èŠå¤©è¯­æ–™ã€ä¸­æ–‡è°£è¨€æ•°æ®ã€ç™¾åº¦ä¸­æ–‡é—®ç­”æ•°æ®é›†ã€å¥å­ç›¸ä¼¼åº¦åŒ¹é…ç®—æ³•é›†åˆã€bertèµ„æºã€æ–‡æœ¬ç”Ÿæˆ&æ‘˜è¦ç›¸å…³å·¥å…·ã€cocoNLPä¿¡æ¯æŠ½å–å·¥å…·ã€å›½å†…ç”µè¯å·ç æ­£åˆ™åŒ¹é…ã€æ¸…åå¤§å­¦XLORE:ä¸­è‹±æ–‡è·¨è¯­è¨€ç™¾ç§‘çŸ¥è¯†å›¾è°±ã€æ¸…åå¤§å­¦äººå·¥æ™ºèƒ½æŠ€æœ¯ç³»åˆ—æŠ¥å‘Šã€è‡ªç„¶è¯­è¨€ç”Ÿæˆã€NLUå¤ªéš¾äº†ç³»åˆ—ã€è‡ªåŠ¨å¯¹è”æ•°æ®åŠæœºå™¨äººã€ç”¨æˆ·åé»‘åå•åˆ—è¡¨ã€ç½ªåæ³•åŠ¡åè¯åŠåˆ†ç±»æ¨¡å‹ã€å¾®ä¿¡å…¬ä¼—å·è¯­æ–™ã€cs224næ·±åº¦å­¦ä¹ è‡ªç„¶è¯­è¨€å¤„ç†è¯¾ç¨‹ã€ä¸­æ–‡æ‰‹å†™æ±‰å­—è¯†åˆ«ã€ä¸­æ–‡è‡ªç„¶è¯­è¨€å¤„ç† è¯­æ–™/æ•°æ®é›†ã€å˜é‡å‘½åç¥å™¨ã€åˆ†è¯è¯­æ–™åº“+ä»£ç ã€ä»»åŠ¡å‹å¯¹è¯è‹±æ–‡æ•°æ®é›†ã€ASR è¯­éŸ³æ•°æ®é›† + åŸºäºæ·±åº¦å­¦ä¹ çš„ä¸­æ–‡è¯­éŸ³è¯†åˆ«ç³»ç»Ÿã€ç¬‘å£°æ£€æµ‹å™¨ã€Microsoftå¤šè¯­è¨€æ•°å­—/å•ä½/å¦‚æ—¥æœŸæ—¶é—´è¯†åˆ«åŒ…ã€ä¸­åæ–°åå­—å…¸æ•°æ®åº“åŠapi(åŒ…æ‹¬å¸¸ç”¨æ­‡åè¯­ã€æˆè¯­ã€è¯è¯­å’Œæ±‰å­—)ã€æ–‡æ¡£å›¾è°±è‡ªåŠ¨ç”Ÿæˆã€SpaCy ä¸­æ–‡æ¨¡å‹ã€Common Voiceè¯­éŸ³è¯†åˆ«æ•°æ®é›†æ–°ç‰ˆã€ç¥ç»ç½‘ç»œå…³ç³»æŠ½å–ã€åŸºäºbertçš„å‘½åå®ä½“è¯†åˆ«ã€å…³é”®è¯(Keyphrase)æŠ½å–åŒ…pkeã€åŸºäºåŒ»ç–—é¢†åŸŸçŸ¥è¯†å›¾è°±çš„é—®ç­”ç³»ç»Ÿã€åŸºäºä¾å­˜å¥æ³•ä¸è¯­ä¹‰è§’è‰²æ ‡æ³¨çš„äº‹ä»¶ä¸‰å…ƒç»„æŠ½å–ã€ä¾å­˜å¥æ³•åˆ†æ4ä¸‡å¥é«˜è´¨é‡æ ‡æ³¨æ•°æ®ã€cnocrï¼šç”¨æ¥åšä¸­æ–‡OCRçš„Python3åŒ…ã€ä¸­æ–‡äººç‰©å…³ç³»çŸ¥è¯†å›¾è°±é¡¹ç›®ã€ä¸­æ–‡nlpç«èµ›é¡¹ç›®åŠä»£ç æ±‡æ€»ã€ä¸­æ–‡å­—ç¬¦æ•°æ®ã€speech-aligner: ä»â€œäººå£°è¯­éŸ³â€åŠå…¶â€œè¯­è¨€æ–‡æœ¬â€äº§ç”ŸéŸ³ç´ çº§åˆ«æ—¶é—´å¯¹é½æ ‡æ³¨çš„å·¥å…·ã€AmpliGraph: çŸ¥è¯†å›¾è°±è¡¨ç¤ºå­¦ä¹ (Python)åº“ï¼šçŸ¥è¯†å›¾è°±æ¦‚å¿µé“¾æ¥é¢„æµ‹ã€Scattertext æ–‡æœ¬å¯è§†åŒ–(python)ã€è¯­è¨€/çŸ¥è¯†è¡¨ç¤ºå·¥å…·ï¼šBERT & ERNIEã€ä¸­æ–‡å¯¹æ¯”è‹±æ–‡è‡ªç„¶è¯­è¨€å¤„ç†NLPçš„åŒºåˆ«ç»¼è¿°ã€Synonymsä¸­æ–‡è¿‘ä¹‰è¯å·¥å…·åŒ…ã€HarvestTexté¢†åŸŸè‡ªé€‚åº”æ–‡æœ¬æŒ–æ˜å·¥å…·ï¼ˆæ–°è¯å‘ç°-æƒ…æ„Ÿåˆ†æ-å®ä½“é“¾æ¥ç­‰ï¼‰ã€word2wordï¼š(Python)æ–¹ä¾¿æ˜“ç”¨çš„å¤šè¯­è¨€è¯-è¯å¯¹é›†ï¼š62ç§è¯­è¨€/3,564ä¸ªå¤šè¯­è¨€å¯¹ã€è¯­éŸ³è¯†åˆ«è¯­æ–™ç”Ÿæˆå·¥å…·ï¼šä»å…·æœ‰éŸ³é¢‘/å­—å¹•çš„åœ¨çº¿è§†é¢‘åˆ›å»ºè‡ªåŠ¨è¯­éŸ³è¯†åˆ«(ASR)è¯­æ–™åº“ã€æ„å»ºåŒ»ç–—å®ä½“è¯†åˆ«çš„æ¨¡å‹ï¼ˆåŒ…å«è¯å…¸å’Œè¯­æ–™æ ‡æ³¨ï¼‰ã€å•æ–‡æ¡£éç›‘ç£çš„å…³é”®è¯æŠ½å–ã€Kashgariä¸­ä½¿ç”¨gpt-2è¯­è¨€æ¨¡å‹ã€å¼€æºçš„é‡‘èæŠ•èµ„æ•°æ®æå–å·¥å…·ã€æ–‡æœ¬è‡ªåŠ¨æ‘˜è¦åº“TextTeaser: ä»…æ”¯æŒè‹±æ–‡ã€äººæ°‘æ—¥æŠ¥è¯­æ–™å¤„ç†å·¥å…·é›†ã€ä¸€äº›å…³äºè‡ªç„¶è¯­è¨€çš„åŸºæœ¬æ¨¡å‹ã€åŸºäº14Wæ­Œæ›²çŸ¥è¯†åº“çš„é—®ç­”å°è¯•--åŠŸèƒ½åŒ…æ‹¬æ­Œè¯æ¥é¾™andå·²çŸ¥æ­Œè¯æ‰¾æ­Œæ›²ä»¥åŠæ­Œæ›²æ­Œæ‰‹æ­Œè¯ä¸‰è§’å…³ç³»çš„é—®ç­”ã€åŸºäºSiamese bilstmæ¨¡å‹çš„ç›¸ä¼¼å¥å­åˆ¤å®šæ¨¡å‹å¹¶æä¾›è®­ç»ƒæ•°æ®é›†å’Œæµ‹è¯•æ•°æ®é›†ã€ç”¨Transformerç¼–è§£ç æ¨¡å‹å®ç°çš„æ ¹æ®Hacker Newsæ–‡ç« æ ‡é¢˜è‡ªåŠ¨ç”Ÿæˆè¯„è®ºã€ç”¨BERTè¿›è¡Œåºåˆ—æ ‡è®°å’Œæ–‡æœ¬åˆ†ç±»çš„æ¨¡æ¿ä»£ç ã€LitBankï¼šNLPæ•°æ®é›†â€”â€”æ”¯æŒè‡ªç„¶è¯­è¨€å¤„ç†å’Œè®¡ç®—äººæ–‡å­¦ç§‘ä»»åŠ¡çš„100éƒ¨å¸¦æ ‡è®°è‹±æ–‡å°è¯´è¯­æ–™ã€ç™¾åº¦å¼€æºçš„åŸºå‡†ä¿¡æ¯æŠ½å–ç³»ç»Ÿã€è™šå‡æ–°é—»æ•°æ®é›†ã€Facebook: LAMAè¯­è¨€æ¨¡å‹åˆ†æï¼Œæä¾›Transformer-XL/BERT/ELMo/GPTé¢„è®­ç»ƒè¯­è¨€æ¨¡å‹çš„ç»Ÿä¸€è®¿é—®æ¥å£ã€CommonsenseQAï¼šé¢å‘å¸¸è¯†çš„è‹±æ–‡QAæŒ‘æˆ˜ã€ä¸­æ–‡çŸ¥è¯†å›¾è°±èµ„æ–™ã€æ•°æ®åŠå·¥å…·ã€å„å¤§å…¬å¸å†…éƒ¨é‡Œå¤§ç‰›åˆ†äº«çš„æŠ€æœ¯æ–‡æ¡£ PDF æˆ–è€… PPTã€è‡ªç„¶è¯­è¨€ç”ŸæˆSQLè¯­å¥ï¼ˆè‹±æ–‡ï¼‰ã€ä¸­æ–‡NLPæ•°æ®å¢å¼ºï¼ˆEDAï¼‰å·¥å…·ã€è‹±æ–‡NLPæ•°æ®å¢å¼ºå·¥å…· ã€åŸºäºåŒ»è¯çŸ¥è¯†å›¾è°±çš„æ™ºèƒ½é—®ç­”ç³»ç»Ÿã€äº¬ä¸œå•†å“çŸ¥è¯†å›¾è°±ã€åŸºäºmongodbå­˜å‚¨çš„å†›äº‹é¢†åŸŸçŸ¥è¯†å›¾è°±é—®ç­”é¡¹ç›®ã€åŸºäºè¿œç›‘ç£çš„ä¸­æ–‡å…³ç³»æŠ½å–ã€è¯­éŸ³æƒ…æ„Ÿåˆ†æã€ä¸­æ–‡ULMFiT-æƒ…æ„Ÿåˆ†æ-æ–‡æœ¬åˆ†ç±»-è¯­æ–™åŠæ¨¡å‹ã€ä¸€ä¸ªæ‹ç…§åšé¢˜ç¨‹åºã€ä¸–ç•Œå„å›½å¤§è§„æ¨¡äººååº“ã€ä¸€ä¸ªåˆ©ç”¨æœ‰è¶£ä¸­æ–‡è¯­æ–™åº“ qingyun è®­ç»ƒå‡ºæ¥çš„ä¸­æ–‡èŠå¤©æœºå™¨äººã€ä¸­æ–‡èŠå¤©æœºå™¨äººseqGANã€çœå¸‚åŒºé•‡è¡Œæ”¿åŒºåˆ’æ•°æ®å¸¦æ‹¼éŸ³æ ‡æ³¨ã€æ•™è‚²è¡Œä¸šæ–°é—»è¯­æ–™åº“åŒ…å«è‡ªåŠ¨æ–‡æ‘˜åŠŸèƒ½ã€å¼€æ”¾äº†å¯¹è¯æœºå™¨äºº-çŸ¥è¯†å›¾è°±-è¯­ä¹‰ç†è§£-è‡ªç„¶è¯­è¨€å¤„ç†å·¥å…·åŠæ•°æ®ã€ä¸­æ–‡çŸ¥è¯†å›¾è°±ï¼šåŸºäºç™¾åº¦ç™¾ç§‘ä¸­æ–‡é¡µé¢-æŠ½å–ä¸‰å…ƒç»„ä¿¡æ¯-æ„å»ºä¸­æ–‡çŸ¥è¯†å›¾è°±ã€masr: ä¸­æ–‡è¯­éŸ³è¯†åˆ«-æä¾›é¢„è®­ç»ƒæ¨¡å‹-é«˜è¯†åˆ«ç‡ã€PythonéŸ³é¢‘æ•°æ®å¢å¹¿åº“ã€ä¸­æ–‡å…¨è¯è¦†ç›–BERTåŠä¸¤ä»½é˜…è¯»ç†è§£æ•°æ®ã€ConvLabï¼šå¼€æºå¤šåŸŸç«¯åˆ°ç«¯å¯¹è¯ç³»ç»Ÿå¹³å°ã€ä¸­æ–‡è‡ªç„¶è¯­è¨€å¤„ç†æ•°æ®é›†ã€åŸºäºæœ€æ–°ç‰ˆæœ¬rasaæ­å»ºçš„å¯¹è¯ç³»ç»Ÿã€åŸºäºTensorFlowå’ŒBERTçš„ç®¡é“å¼å®ä½“åŠå…³ç³»æŠ½å–ã€ä¸€ä¸ªå°å‹çš„è¯åˆ¸çŸ¥è¯†å›¾è°±/çŸ¥è¯†åº“ã€å¤ç›˜æ‰€æœ‰NLPæ¯”èµ›çš„TOPæ–¹æ¡ˆã€OpenCLaPï¼šå¤šé¢†åŸŸå¼€æºä¸­æ–‡é¢„è®­ç»ƒè¯­è¨€æ¨¡å‹ä»“åº“ã€UERï¼šåŸºäºä¸åŒè¯­æ–™+ç¼–ç å™¨+ç›®æ ‡ä»»åŠ¡çš„ä¸­æ–‡é¢„è®­ç»ƒæ¨¡å‹ä»“åº“ã€ä¸­æ–‡è‡ªç„¶è¯­è¨€å¤„ç†å‘é‡åˆé›†ã€åŸºäºé‡‘è-å¸æ³•é¢†åŸŸ(å…¼æœ‰é—²èŠæ€§è´¨)çš„èŠå¤©æœºå™¨äººã€g2pCï¼šåŸºäºä¸Šä¸‹æ–‡çš„æ±‰è¯­è¯»éŸ³è‡ªåŠ¨æ ‡è®°æ¨¡å—ã€Zincbase çŸ¥è¯†å›¾è°±æ„å»ºå·¥å…·åŒ…ã€è¯—æ­Œè´¨é‡è¯„ä»·/ç»†ç²’åº¦æƒ…æ„Ÿè¯—æ­Œè¯­æ–™åº“ã€å¿«é€Ÿè½¬åŒ–ã€Œä¸­æ–‡æ•°å­—ã€å’Œã€Œé˜¿æ‹‰ä¼¯æ•°å­—ã€ã€ç™¾åº¦çŸ¥é“é—®ç­”è¯­æ–™åº“ã€åŸºäºçŸ¥è¯†å›¾è°±çš„é—®ç­”ç³»ç»Ÿã€jieba_fast åŠ é€Ÿç‰ˆçš„jiebaã€æ­£åˆ™è¡¨è¾¾å¼æ•™ç¨‹ã€ä¸­æ–‡é˜…è¯»ç†è§£æ•°æ®é›†ã€åŸºäºBERTç­‰æœ€æ–°è¯­è¨€æ¨¡å‹çš„æŠ½å–å¼æ‘˜è¦æå–ã€Pythonåˆ©ç”¨æ·±åº¦å­¦ä¹ è¿›è¡Œæ–‡æœ¬æ‘˜è¦çš„ç»¼åˆæŒ‡å—ã€çŸ¥è¯†å›¾è°±æ·±åº¦å­¦ä¹ ç›¸å…³èµ„æ–™æ•´ç†ã€ç»´åŸºå¤§è§„æ¨¡å¹³è¡Œæ–‡æœ¬è¯­æ–™ã€StanfordNLP 0.2.0ï¼šçº¯Pythonç‰ˆè‡ªç„¶è¯­è¨€å¤„ç†åŒ…ã€NeuralNLP-NeuralClassifierï¼šè…¾è®¯å¼€æºæ·±åº¦å­¦ä¹ æ–‡æœ¬åˆ†ç±»å·¥å…·ã€ç«¯åˆ°ç«¯çš„å°é—­åŸŸå¯¹è¯ç³»ç»Ÿã€ä¸­æ–‡å‘½åå®ä½“è¯†åˆ«ï¼šNeuroNER vs. BertNERã€æ–°é—»äº‹ä»¶çº¿ç´¢æŠ½å–ã€2019å¹´ç™¾åº¦çš„ä¸‰å…ƒç»„æŠ½å–æ¯”èµ›ï¼šâ€œç§‘å­¦ç©ºé—´é˜Ÿâ€æºç ã€åŸºäºä¾å­˜å¥æ³•çš„å¼€æ”¾åŸŸæ–‡æœ¬çŸ¥è¯†ä¸‰å…ƒç»„æŠ½å–å’ŒçŸ¥è¯†åº“æ„å»ºã€ä¸­æ–‡çš„GPT2è®­ç»ƒä»£ç ã€ML-NLP - æœºå™¨å­¦ä¹ (Machine Learning)NLPé¢è¯•ä¸­å¸¸è€ƒåˆ°çš„çŸ¥è¯†ç‚¹å’Œä»£ç å®ç°ã€nlp4han:ä¸­æ–‡è‡ªç„¶è¯­è¨€å¤„ç†å·¥å…·é›†(æ–­å¥/åˆ†è¯/è¯æ€§æ ‡æ³¨/ç»„å—/å¥æ³•åˆ†æ/è¯­ä¹‰åˆ†æ/NER/Nå…ƒè¯­æ³•/HMM/ä»£è¯æ¶ˆè§£/æƒ…æ„Ÿåˆ†æ/æ‹¼å†™æ£€æŸ¥ã€XLMï¼šFacebookçš„è·¨è¯­è¨€é¢„è®­ç»ƒè¯­è¨€æ¨¡å‹ã€ç”¨åŸºäºBERTçš„å¾®è°ƒå’Œç‰¹å¾æå–æ–¹æ³•æ¥è¿›è¡ŒçŸ¥è¯†å›¾è°±ç™¾åº¦ç™¾ç§‘äººç‰©è¯æ¡å±æ€§æŠ½å–ã€ä¸­æ–‡è‡ªç„¶è¯­è¨€å¤„ç†ç›¸å…³çš„å¼€æ”¾ä»»åŠ¡-æ•°æ®é›†-å½“å‰æœ€ä½³ç»“æœã€CoupletAI - åŸºäºCNN+Bi-LSTM+Attention çš„è‡ªåŠ¨å¯¹å¯¹è”ç³»ç»Ÿã€æŠ½è±¡çŸ¥è¯†å›¾è°±ã€MiningZhiDaoQACorpus - 580ä¸‡ç™¾åº¦çŸ¥é“é—®ç­”æ•°æ®æŒ–æ˜é¡¹ç›®ã€brat rapid annotation tool: åºåˆ—æ ‡æ³¨å·¥å…·ã€å¤§è§„æ¨¡ä¸­æ–‡çŸ¥è¯†å›¾è°±æ•°æ®ï¼š1.4äº¿å®ä½“ã€æ•°æ®å¢å¼ºåœ¨æœºå™¨ç¿»è¯‘åŠå…¶ä»–nlpä»»åŠ¡ä¸­çš„åº”ç”¨åŠæ•ˆæœã€allennlpé˜…è¯»ç†è§£:æ”¯æŒå¤šç§æ•°æ®å’Œæ¨¡å‹ã€PDFè¡¨æ ¼æ•°æ®æå–å·¥å…· ã€ Graphbrainï¼šAIå¼€æºè½¯ä»¶åº“å’Œç§‘ç ”å·¥å…·ï¼Œç›®çš„æ˜¯ä¿ƒè¿›è‡ªåŠ¨æ„ä¹‰æå–å’Œæ–‡æœ¬ç†è§£ä»¥åŠçŸ¥è¯†çš„æ¢ç´¢å’Œæ¨æ–­ã€ç®€å†è‡ªåŠ¨ç­›é€‰ç³»ç»Ÿã€åŸºäºå‘½åå®ä½“è¯†åˆ«çš„ç®€å†è‡ªåŠ¨æ‘˜è¦ã€ä¸­æ–‡è¯­è¨€ç†è§£æµ‹è¯„åŸºå‡†ï¼ŒåŒ…æ‹¬ä»£è¡¨æ€§çš„æ•°æ®é›†&åŸºå‡†æ¨¡å‹&è¯­æ–™åº“&æ’è¡Œæ¦œã€æ ‘æ´ OCR æ–‡å­—è¯†åˆ« ã€ä»åŒ…å«è¡¨æ ¼çš„æ‰«æå›¾ç‰‡ä¸­è¯†åˆ«è¡¨æ ¼å’Œæ–‡å­—ã€è¯­å£°è¿ç§»ã€Pythonå£è¯­è‡ªç„¶è¯­è¨€å¤„ç†å·¥å…·é›†(è‹±æ–‡)ã€ similarityï¼šç›¸ä¼¼åº¦è®¡ç®—å·¥å…·åŒ…ï¼Œjavaç¼–å†™ã€æµ·é‡ä¸­æ–‡é¢„è®­ç»ƒALBERTæ¨¡å‹ ã€Transformers 2.0 ã€åŸºäºå¤§è§„æ¨¡éŸ³é¢‘æ•°æ®é›†Audiosetçš„éŸ³é¢‘å¢å¼º ã€Poplarï¼šç½‘é¡µç‰ˆè‡ªç„¶è¯­è¨€æ ‡æ³¨å·¥å…·ã€å›¾ç‰‡æ–‡å­—å»é™¤ï¼Œå¯ç”¨äºæ¼«ç”»ç¿»è¯‘ ã€186ç§è¯­è¨€çš„æ•°å­—å«æ³•åº“ã€Amazonå‘å¸ƒåŸºäºçŸ¥è¯†çš„äºº-äººå¼€æ”¾é¢†åŸŸå¯¹è¯æ•°æ®é›† ã€ä¸­æ–‡æ–‡æœ¬çº é”™æ¨¡å—ä»£ç ã€ç¹ç®€ä½“è½¬æ¢ ã€ Pythonå®ç°çš„å¤šç§æ–‡æœ¬å¯è¯»æ€§è¯„ä»·æŒ‡æ ‡ã€ç±»ä¼¼äºäººå/åœ°å/ç»„ç»‡æœºæ„åçš„å‘½åä½“è¯†åˆ«æ•°æ®é›† ã€ä¸œå—å¤§å­¦ã€ŠçŸ¥è¯†å›¾è°±ã€‹ç ”ç©¶ç”Ÿè¯¾ç¨‹(èµ„æ–™)ã€. è‹±æ–‡æ‹¼å†™æ£€æŸ¥åº“ ã€ wwsearchæ˜¯ä¼ä¸šå¾®ä¿¡åå°è‡ªç ”çš„å…¨æ–‡æ£€ç´¢å¼•æ“ã€CHAMELEONï¼šæ·±åº¦å­¦ä¹ æ–°é—»æ¨èç³»ç»Ÿå…ƒæ¶æ„ ã€ 8ç¯‡è®ºæ–‡æ¢³ç†BERTç›¸å…³æ¨¡å‹è¿›å±•ä¸åæ€ã€DocSearchï¼šå…è´¹æ–‡æ¡£æœç´¢å¼•æ“ã€ LIDAï¼šè½»é‡äº¤äº’å¼å¯¹è¯æ ‡æ³¨å·¥å…· ã€aili - the fastest in-memory index in the East ä¸œåŠçƒæœ€å¿«å¹¶å‘ç´¢å¼• ã€çŸ¥è¯†å›¾è°±è½¦éŸ³å·¥ä½œé¡¹ç›®ã€è‡ªç„¶è¯­è¨€ç”Ÿæˆèµ„æºå¤§å…¨ ã€ä¸­æ—¥éŸ©åˆ†è¯åº“mecabçš„Pythonæ¥å£åº“ã€ä¸­æ–‡æ–‡æœ¬æ‘˜è¦/å…³é”®è¯æå–ã€æ±‰å­—å­—ç¬¦ç‰¹å¾æå–å™¨ (featurizer)ï¼Œæå–æ±‰å­—çš„ç‰¹å¾ï¼ˆå‘éŸ³ç‰¹å¾ã€å­—å½¢ç‰¹å¾ï¼‰ç”¨åšæ·±åº¦å­¦ä¹ çš„ç‰¹å¾ã€ä¸­æ–‡ç”Ÿæˆä»»åŠ¡åŸºå‡†æµ‹è¯„ ã€ä¸­æ–‡ç¼©å†™æ•°æ®é›†ã€ä¸­æ–‡ä»»åŠ¡åŸºå‡†æµ‹è¯„ - ä»£è¡¨æ€§çš„æ•°æ®é›†-åŸºå‡†(é¢„è®­ç»ƒ)æ¨¡å‹-è¯­æ–™åº“-baseline-å·¥å…·åŒ…-æ’è¡Œæ¦œã€PySS3ï¼šé¢å‘å¯è§£é‡ŠAIçš„SS3æ–‡æœ¬åˆ†ç±»å™¨æœºå™¨å¯è§†åŒ–å·¥å…· ã€ä¸­æ–‡NLPæ•°æ®é›†åˆ—è¡¨ã€COPE - æ ¼å¾‹è¯—ç¼–è¾‘ç¨‹åºã€doccanoï¼šåŸºäºç½‘é¡µçš„å¼€æºååŒå¤šè¯­è¨€æ–‡æœ¬æ ‡æ³¨å·¥å…· ã€PreNLPï¼šè‡ªç„¶è¯­è¨€é¢„å¤„ç†åº“ã€ç®€å•çš„ç®€å†è§£æå™¨ï¼Œç”¨æ¥ä»ç®€å†ä¸­æå–å…³é”®ä¿¡æ¯ã€ç”¨äºä¸­æ–‡é—²èŠçš„GPT2æ¨¡å‹ï¼šGPT2-chitchatã€åŸºäºæ£€ç´¢èŠå¤©æœºå™¨äººå¤šè½®å“åº”é€‰æ‹©ç›¸å…³èµ„æºåˆ—è¡¨(Leaderboardsã€Datasetsã€Papers)ã€(Colab)æŠ½è±¡æ–‡æœ¬æ‘˜è¦å®ç°é›†é”¦(æ•™ç¨‹ ã€è¯è¯­æ‹¼éŸ³æ•°æ®ã€é«˜æ•ˆæ¨¡ç³Šæœç´¢å·¥å…·ã€NLPæ•°æ®å¢å¹¿èµ„æºé›†ã€å¾®è½¯å¯¹è¯æœºå™¨äººæ¡†æ¶ ã€ GitHub Typo Corpusï¼šå¤§è§„æ¨¡GitHubå¤šè¯­è¨€æ‹¼å†™é”™è¯¯/è¯­æ³•é”™è¯¯æ•°æ®é›†ã€TextClusterï¼šçŸ­æ–‡æœ¬èšç±»é¢„å¤„ç†æ¨¡å— Short text clusterã€é¢å‘è¯­éŸ³è¯†åˆ«çš„ä¸­æ–‡æ–‡æœ¬è§„èŒƒåŒ–ã€BLINKï¼šæœ€å…ˆè¿›çš„å®ä½“é“¾æ¥åº“ã€BertPuncï¼šåŸºäºBERTçš„æœ€å…ˆè¿›æ ‡ç‚¹ä¿®å¤æ¨¡å‹ã€Tokenizerï¼šå¿«é€Ÿã€å¯å®šåˆ¶çš„æ–‡æœ¬è¯æ¡åŒ–åº“ã€ä¸­æ–‡è¯­è¨€ç†è§£æµ‹è¯„åŸºå‡†ï¼ŒåŒ…æ‹¬ä»£è¡¨æ€§çš„æ•°æ®é›†ã€åŸºå‡†(é¢„è®­ç»ƒ)æ¨¡å‹ã€è¯­æ–™åº“ã€æ’è¡Œæ¦œã€spaCy åŒ»å­¦æ–‡æœ¬æŒ–æ˜ä¸ä¿¡æ¯æå– ã€ NLPä»»åŠ¡ç¤ºä¾‹é¡¹ç›®ä»£ç é›†ã€ pythonæ‹¼å†™æ£€æŸ¥åº“ã€chatbot-list - è¡Œä¸šå†…å…³äºæ™ºèƒ½å®¢æœã€èŠå¤©æœºå™¨äººçš„åº”ç”¨å’Œæ¶æ„ã€ç®—æ³•åˆ†äº«å’Œä»‹ç»ã€è¯­éŸ³è´¨é‡è¯„ä»·æŒ‡æ ‡(MOSNet, BSSEval, STOI, PESQ, SRMR)ã€ ç”¨138GBè¯­æ–™è®­ç»ƒçš„æ³•æ–‡RoBERTaé¢„è®­ç»ƒè¯­è¨€æ¨¡å‹ ã€BERT-NER-Pytorchï¼šä¸‰ç§ä¸åŒæ¨¡å¼çš„BERTä¸­æ–‡NERå®éªŒã€æ— é“è¯å…¸ - æœ‰é“è¯å…¸çš„å‘½ä»¤è¡Œç‰ˆæœ¬ï¼Œæ”¯æŒè‹±æ±‰äº’æŸ¥å’Œåœ¨çº¿æŸ¥è¯¢ã€2019å¹´NLPäº®ç‚¹å›é¡¾ã€ Chinese medical dialogue data ä¸­æ–‡åŒ»ç–—å¯¹è¯æ•°æ®é›† ã€æœ€å¥½çš„æ±‰å­—æ•°å­—(ä¸­æ–‡æ•°å­—)-é˜¿æ‹‰ä¼¯æ•°å­—è½¬æ¢å·¥å…·ã€ åŸºäºç™¾ç§‘çŸ¥è¯†åº“çš„ä¸­æ–‡è¯è¯­å¤šè¯ä¹‰/ä¹‰é¡¹è·å–ä¸ç‰¹å®šå¥å­è¯è¯­è¯­ä¹‰æ¶ˆæ­§ã€awesome-nlp-sentiment-analysis - æƒ…æ„Ÿåˆ†æã€æƒ…ç»ªåŸå› è¯†åˆ«ã€è¯„ä»·å¯¹è±¡å’Œè¯„ä»·è¯æŠ½å–ã€LineFlowï¼šé¢å‘æ‰€æœ‰æ·±åº¦å­¦ä¹ æ¡†æ¶çš„NLPæ•°æ®é«˜æ•ˆåŠ è½½å™¨ã€ä¸­æ–‡åŒ»å­¦NLPå…¬å¼€èµ„æºæ•´ç† ã€MedQuADï¼š(è‹±æ–‡)åŒ»å­¦é—®ç­”æ•°æ®é›†ã€å°†è‡ªç„¶è¯­è¨€æ•°å­—ä¸²è§£æè½¬æ¢ä¸ºæ•´æ•°å’Œæµ®ç‚¹æ•°ã€Transfer Learning in Natural Language Processing (NLP) ã€é¢å‘è¯­éŸ³è¯†åˆ«çš„ä¸­æ–‡/è‹±æ–‡å‘éŸ³è¾å…¸ã€Tokenizersï¼šæ³¨é‡æ€§èƒ½ä¸å¤šåŠŸèƒ½æ€§çš„æœ€å…ˆè¿›åˆ†è¯å™¨ã€CLUENER ç»†ç²’åº¦å‘½åå®ä½“è¯†åˆ« Fine Grained Named Entity Recognitionã€ åŸºäºBERTçš„ä¸­æ–‡å‘½åå®ä½“è¯†åˆ«ã€ä¸­æ–‡è°£è¨€æ•°æ®åº“ã€NLPæ•°æ®é›†/åŸºå‡†ä»»åŠ¡å¤§åˆ—è¡¨ã€nlpç›¸å…³çš„ä¸€äº›è®ºæ–‡åŠä»£ç , åŒ…æ‹¬ä¸»é¢˜æ¨¡å‹ã€è¯å‘é‡(Word Embedding)ã€å‘½åå®ä½“è¯†åˆ«(NER)ã€æ–‡æœ¬åˆ†ç±»(Text Classificatin)ã€æ–‡æœ¬ç”Ÿæˆ(Text Generation)ã€æ–‡æœ¬ç›¸ä¼¼æ€§(Text Similarity)è®¡ç®—ç­‰ï¼Œæ¶‰åŠåˆ°å„ç§ä¸nlpç›¸å…³çš„ç®—æ³•ï¼ŒåŸºäºkeraså’Œtensorflow ã€Pythonæ–‡æœ¬æŒ–æ˜/NLPå®æˆ˜ç¤ºä¾‹ã€ Blackstoneï¼šé¢å‘éç»“æ„åŒ–æ³•å¾‹æ–‡æœ¬çš„spaCy pipelineå’ŒNLPæ¨¡å‹é€šè¿‡åŒä¹‰è¯æ›¿æ¢å®ç°æ–‡æœ¬â€œå˜è„¸â€ ã€ä¸­æ–‡ é¢„è®­ç»ƒ ELECTREA æ¨¡å‹: åŸºäºå¯¹æŠ—å­¦ä¹  pretrain Chinese Model ã€albert-chinese-ner - ç”¨é¢„è®­ç»ƒè¯­è¨€æ¨¡å‹ALBERTåšä¸­æ–‡NER ã€åŸºäºGPT2çš„ç‰¹å®šä¸»é¢˜æ–‡æœ¬ç”Ÿæˆ/æ–‡æœ¬å¢å¹¿ã€å¼€æºé¢„è®­ç»ƒè¯­è¨€æ¨¡å‹åˆé›†ã€å¤šè¯­è¨€å¥å‘é‡åŒ…ã€ç¼–ç ã€æ ‡è®°å’Œå®ç°ï¼šä¸€ç§å¯æ§é«˜æ•ˆçš„æ–‡æœ¬ç”Ÿæˆæ–¹æ³•ã€ è‹±æ–‡è„è¯å¤§åˆ—è¡¨ ã€attnvisï¼šGPT2ã€BERTç­‰transformerè¯­è¨€æ¨¡å‹æ³¨æ„åŠ›äº¤äº’å¯è§†åŒ–ã€CoVoSTï¼šFacebookå‘å¸ƒçš„å¤šè¯­ç§è¯­éŸ³-æ–‡æœ¬ç¿»è¯‘è¯­æ–™åº“ï¼ŒåŒ…æ‹¬11ç§è¯­è¨€(æ³•è¯­ã€å¾·è¯­ã€è·å…°è¯­ã€ä¿„è¯­ã€è¥¿ç­ç‰™è¯­ã€æ„å¤§åˆ©è¯­ã€åœŸè€³å…¶è¯­ã€æ³¢æ–¯è¯­ã€ç‘å…¸è¯­ã€è’™å¤è¯­å’Œä¸­æ–‡)çš„è¯­éŸ³ã€æ–‡å­—è½¬å½•åŠè‹±æ–‡è¯‘æ–‡ã€Jiaguè‡ªç„¶è¯­è¨€å¤„ç†å·¥å…· - ä»¥BiLSTMç­‰æ¨¡å‹ä¸ºåŸºç¡€ï¼Œæä¾›çŸ¥è¯†å›¾è°±å…³ç³»æŠ½å– ä¸­æ–‡åˆ†è¯ è¯æ€§æ ‡æ³¨ å‘½åå®ä½“è¯†åˆ« æƒ…æ„Ÿåˆ†æ æ–°è¯å‘ç° å…³é”®è¯ æ–‡æœ¬æ‘˜è¦ æ–‡æœ¬èšç±»ç­‰åŠŸèƒ½ã€ç”¨unetå®ç°å¯¹æ–‡æ¡£è¡¨æ ¼çš„è‡ªåŠ¨æ£€æµ‹ï¼Œè¡¨æ ¼é‡å»ºã€NLPäº‹ä»¶æå–æ–‡çŒ®èµ„æºåˆ—è¡¨ ã€ é‡‘èé¢†åŸŸè‡ªç„¶è¯­è¨€å¤„ç†ç ”ç©¶èµ„æºå¤§åˆ—è¡¨ã€CLUEDatasetSearch - ä¸­è‹±æ–‡NLPæ•°æ®é›†ï¼šæœç´¢æ‰€æœ‰ä¸­æ–‡NLPæ•°æ®é›†ï¼Œé™„å¸¸ç”¨è‹±æ–‡NLPæ•°æ®é›† ã€medical_NER - ä¸­æ–‡åŒ»å­¦çŸ¥è¯†å›¾è°±å‘½åå®ä½“è¯†åˆ« ã€(å“ˆä½›)è®²å› æœæ¨ç†çš„å…è´¹ä¹¦ã€çŸ¥è¯†å›¾è°±ç›¸å…³å­¦ä¹ èµ„æ–™/æ•°æ®é›†/å·¥å…·èµ„æºå¤§åˆ—è¡¨ã€Forteï¼šçµæ´»å¼ºå¤§çš„è‡ªç„¶è¯­è¨€å¤„ç†pipelineå·¥å…·é›† ã€Pythonå­—ç¬¦ä¸²ç›¸ä¼¼æ€§ç®—æ³•åº“ã€PyLaiaï¼šé¢å‘æ‰‹å†™æ–‡æ¡£åˆ†æçš„æ·±åº¦å­¦ä¹ å·¥å…·åŒ…ã€TextFoolerï¼šé’ˆå¯¹æ–‡æœ¬åˆ†ç±»/æ¨ç†çš„å¯¹æŠ—æ–‡æœ¬ç”Ÿæˆæ¨¡å—ã€Haystackï¼šçµæ´»ã€å¼ºå¤§çš„å¯æ‰©å±•é—®ç­”(QA)æ¡†æ¶ã€ä¸­æ–‡å…³é”®çŸ­è¯­æŠ½å–å·¥å…·",https://github.com/fighting41love/funNLP,Python,2018-08-21T11:20:39Z,2024-10-14T09:21:51Z,68285,14453,29,No License
awesome-machine-learning,josephmisiti,"A curated list of awesome Machine Learning frameworks, libraries and software.",https://github.com/josephmisiti/awesome-machine-learning,Python,2014-07-15T19:11:19Z,2024-10-14T09:19:55Z,65686,14607,7,Other
scikit-learn,scikit-learn,scikit-learn: machine learning in Python,https://github.com/scikit-learn/scikit-learn,Python,2010-08-17T09:43:38Z,2024-10-14T09:11:26Z,59761,25335,2129,"BSD 3-Clause ""New"" or ""Revised"" License"
gradio,gradio-app,"Build and share delightful machine learning apps, all in Python. ğŸŒŸ Star to support our work!",https://github.com/gradio-app/gradio,Python,2018-12-19T08:24:04Z,2024-10-14T09:29:46Z,33064,2487,580,Apache License 2.0
C-Plus-Plus,TheAlgorithms,"Collection of various algorithms in mathematics, machine learning, computer science and physics implemented in C++ for educational purposes.",https://github.com/TheAlgorithms/C-Plus-Plus,C++,2016-07-16T10:19:45Z,2024-10-14T08:30:43Z,30442,7202,73,MIT License
linkedin-skill-assessments-quizzes,Ebazhanov,"Full reference of LinkedIn answers 2024 for skill assessments (aws-lambda, rest-api, javascript, react, git, html, jquery, mongodb, java, Go, python, machine-learning, power-point) linkedin excel test lÃ¶sungen, linkedin machine learning test LinkedIn test questions and answers ",https://github.com/Ebazhanov/linkedin-skill-assessments-quizzes,,2019-07-13T19:52:56Z,2024-10-14T07:26:43Z,28428,13359,86,GNU Affero General Public License v3.0
machine-learning-for-software-engineers,ZuzooVn,A complete daily plan for studying to become a machine learning engineer.,https://github.com/ZuzooVn/machine-learning-for-software-engineers,,2016-10-09T21:20:25Z,2024-10-14T04:27:01Z,28105,6193,26,Creative Commons Attribution Share Alike 4.0 International
handson-ml2,ageron,"A series of Jupyter notebooks that walk you through the fundamentals of Machine Learning and Deep Learning in Python using Scikit-Learn, Keras and TensorFlow 2.",https://github.com/ageron/handson-ml2,Jupyter Notebook,2019-01-08T03:49:07Z,2024-10-14T06:59:34Z,27865,12746,220,Apache License 2.0
netron,lutzroeder,"Visualizer for neural network, deep learning and machine learning models",https://github.com/lutzroeder/netron,JavaScript,2010-12-26T12:53:43Z,2024-10-14T08:01:25Z,27834,2761,23,MIT License
applied-ml,eugeneyan,ğŸ“š Papers & tech blogs by companies sharing their work on data science & machine learning in production.,https://github.com/eugeneyan/applied-ml,,2020-07-04T18:57:47Z,2024-10-14T09:36:32Z,27235,3675,2,MIT License
ML-From-Scratch,eriklindernoren,Machine Learning From Scratch. Bare bones NumPy implementations of machine learning models and algorithms with a focus on accessibility. Aims to cover everything from linear regression to deep learning.,https://github.com/eriklindernoren/ML-From-Scratch,Python,2017-02-05T12:11:23Z,2024-10-14T07:14:28Z,23909,4585,51,MIT License
homemade-machine-learning,trekhleb,ğŸ¤– Python examples of popular machine learning algorithms with interactive Jupyter demos and math being explained,https://github.com/trekhleb/homemade-machine-learning,Jupyter Notebook,2018-11-01T04:34:19Z,2024-10-14T04:57:29Z,23009,4056,24,MIT License
shap,shap,A game theoretic approach to explain the output of any machine learning model.,https://github.com/shap/shap,Jupyter Notebook,2016-11-22T19:17:08Z,2024-10-14T07:21:06Z,22665,3264,785,MIT License
Paddle,PaddlePaddle,PArallel Distributed Deep LEarning: Machine Learning Framework from Industrial Practice ï¼ˆã€é£æ¡¨ã€æ ¸å¿ƒæ¡†æ¶ï¼Œæ·±åº¦å­¦ä¹ &æœºå™¨å­¦ä¹ é«˜æ€§èƒ½å•æœºã€åˆ†å¸ƒå¼è®­ç»ƒå’Œè·¨å¹³å°éƒ¨ç½²ï¼‰,https://github.com/PaddlePaddle/Paddle,C++,2016-08-15T06:59:08Z,2024-10-14T09:21:26Z,22145,5560,1710,Apache License 2.0
500-AI-Machine-learning-Deep-learning-Computer-vision-NLP-Projects-with-code,ashishpatel26,500 AI Machine learning Deep learning Computer vision NLP Projects with code,https://github.com/ashishpatel26/500-AI-Machine-learning-Deep-learning-Computer-vision-NLP-Projects-with-code,,2021-01-02T12:08:37Z,2024-10-14T08:25:07Z,20006,5108,41,No License
C,TheAlgorithms,"Collection of various algorithms in mathematics, machine learning, computer science, physics, etc implemented in C for educational purposes.",https://github.com/TheAlgorithms/C,C,2016-07-16T10:17:03Z,2024-10-14T09:19:43Z,19092,4344,36,GNU General Public License v3.0
rasa,RasaHQ,"ğŸ’¬   Open source machine learning framework to automate text- and voice-based conversations: NLU, dialogue management, connect to Slack, Facebook, and more - Create chatbots and voice assistants",https://github.com/RasaHQ/rasa,Python,2016-10-14T12:27:49Z,2024-10-14T09:07:58Z,18771,4619,124,Apache License 2.0
mlflow,mlflow,Open source platform for the machine learning lifecycle,https://github.com/mlflow/mlflow,Python,2018-06-05T16:05:58Z,2024-10-14T08:32:39Z,18497,4189,1623,Apache License 2.0
onnx,onnx,Open standard for machine learning interoperability,https://github.com/onnx/onnx,Python,2017-09-07T04:53:45Z,2024-10-14T09:23:10Z,17757,3668,346,Apache License 2.0
stanford-cs-229-machine-learning,afshinea,VIP cheatsheets for Stanford's CS 229 Machine Learning,https://github.com/afshinea/stanford-cs-229-machine-learning,,2018-08-04T23:01:00Z,2024-10-14T05:03:24Z,17577,3939,18,MIT License
awesome-production-machine-learning,EthicalML,"A curated list of awesome open source libraries to deploy, monitor, version and scale your machine learning",https://github.com/EthicalML/awesome-production-machine-learning,,2018-08-15T14:28:41Z,2024-10-14T07:38:45Z,17438,2231,7,MIT License
ml-agents,Unity-Technologies,The Unity Machine Learning Agents Toolkit (ML-Agents) is an open-source project that enables games and simulations to serve as environments for training intelligent agents using deep reinforcement learning and imitation learning.,https://github.com/Unity-Technologies/ml-agents,C#,2017-09-08T21:09:04Z,2024-10-14T06:58:10Z,17039,4148,44,Other
LightGBM,microsoft,"A fast, distributed, high performance gradient boosting (GBT, GBDT, GBRT, GBM or MART) framework based on decision tree algorithms, used for ranking, classification and many other machine learning tasks.",https://github.com/microsoft/LightGBM,C++,2016-08-05T05:45:50Z,2024-10-14T07:58:48Z,16592,3828,370,MIT License
brpc,apache,"brpc is an Industrial-grade RPC framework using C++ Language, which is often used in high performance system such as Search, Storage, Machine learning, Advertisement, Recommendation etc. ""brpc"" means ""better RPC"".",https://github.com/apache/brpc,C++,2017-09-04T09:28:47Z,2024-10-14T07:41:16Z,16438,3961,428,Apache License 2.0
best-of-ml-python,ml-tooling,ğŸ† A ranked list of awesome machine learning Python libraries. Updated weekly.,https://github.com/ml-tooling/best-of-ml-python,,2020-11-29T19:41:36Z,2024-10-14T04:42:18Z,16337,2360,27,Creative Commons Attribution Share Alike 4.0 International
ML-NLP,NLP-LOVE,æ­¤é¡¹ç›®æ˜¯æœºå™¨å­¦ä¹ (Machine Learning)ã€æ·±åº¦å­¦ä¹ (Deep Learning)ã€NLPé¢è¯•ä¸­å¸¸è€ƒåˆ°çš„çŸ¥è¯†ç‚¹å’Œä»£ç å®ç°ï¼Œä¹Ÿæ˜¯ä½œä¸ºä¸€ä¸ªç®—æ³•å·¥ç¨‹å¸ˆå¿…ä¼šçš„ç†è®ºåŸºç¡€çŸ¥è¯†ã€‚,https://github.com/NLP-LOVE/ML-NLP,Jupyter Notebook,2019-07-05T12:49:53Z,2024-10-14T06:41:50Z,15888,4524,34,No License
ML-YouTube-Courses,dair-ai,ğŸ“º Discover the latest machine learning / AI courses on YouTube.,https://github.com/dair-ai/ML-YouTube-Courses,,2021-06-25T09:39:16Z,2024-10-14T07:04:33Z,15871,1897,14,Creative Commons Zero v1.0 Universal
cs-video-courses,Developer-Y,List of Computer Science courses with video lectures.,https://github.com/Developer-Y/cs-video-courses,,2016-10-21T17:02:11Z,2024-10-14T08:50:23Z,66942,9090,5,No License
openpilot,commaai,"openpilot is an operating system for robotics. Currently, it upgrades the driver assistance system in 275+ supported cars.",https://github.com/commaai/openpilot,Python,2016-11-24T01:33:30Z,2024-10-14T05:09:46Z,49680,9039,160,MIT License
EasySpider,NaiboWang,A visual no-code/code-free web crawler/spideræ˜“é‡‡é›†ï¼šä¸€ä¸ªå¯è§†åŒ–æµè§ˆå™¨è‡ªåŠ¨åŒ–æµ‹è¯•/æ•°æ®é‡‡é›†/çˆ¬è™«è½¯ä»¶ï¼Œå¯ä»¥æ— ä»£ç å›¾å½¢åŒ–çš„è®¾è®¡å’Œæ‰§è¡Œçˆ¬è™«ä»»åŠ¡ã€‚åˆ«åï¼šServiceWrapperé¢å‘Webåº”ç”¨çš„æ™ºèƒ½åŒ–æœåŠ¡å°è£…ç³»ç»Ÿã€‚,https://github.com/NaiboWang/EasySpider,JavaScript,2020-07-18T02:41:27Z,2024-10-14T09:32:49Z,34922,4277,103,Other
LocalAI,mudler,":robot: The free, Open Source alternative to OpenAI, Claude and others. Self-hosted and local-first. Drop-in replacement for OpenAI,  running on consumer-grade hardware. No GPU required. Runs gguf, transformers, diffusers and many more models architectures. Features: Generate Text, Audio, Video, Images, Voice Cloning, Distributed inference",https://github.com/mudler/LocalAI,C++,2023-03-18T22:58:02Z,2024-10-14T09:22:34Z,23910,1832,369,MIT License
PythonRobotics,AtsushiSakai,Python sample codes for robotics algorithms.,https://github.com/AtsushiSakai/PythonRobotics,Python,2016-03-21T09:34:43Z,2024-10-14T09:20:03Z,23078,6507,16,Other
wechaty,wechaty,Conversational RPA SDK for Chatbot Makers. Join our Discord: https://discord.gg/7q8NBZbQzt,https://github.com/wechaty/wechaty,TypeScript,2016-05-01T14:36:45Z,2024-10-14T06:37:37Z,20176,2592,142,Apache License 2.0
hubot,hubotio,A customizable life embetterment robot.,https://github.com/hubotio/hubot,JavaScript,2011-08-27T08:30:59Z,2024-10-14T03:08:23Z,16635,3750,6,MIT License
johnny-five,rwaldron,"JavaScript Robotics and IoT programming framework, developed at Bocoup.",https://github.com/rwaldron/johnny-five,JavaScript,2012-03-30T20:09:52Z,2024-10-12T13:25:40Z,13277,1762,64,Other
bullet3,bulletphysics,"Bullet Physics SDK: real-time collision detection and multi-physics simulation for VR, games, visual effects, robotics, machine learning etc.",https://github.com/bulletphysics/bullet3,C++,2011-04-12T18:45:08Z,2024-10-14T03:36:41Z,12531,2874,335,Other
ardupilot,ArduPilot,"ArduPlane, ArduCopter, ArduRover, ArduSub source",https://github.com/ArduPilot/ardupilot,C++,2013-01-09T00:58:52Z,2024-10-14T09:28:17Z,10884,17355,2411,GNU General Public License v3.0
kornia,kornia,Geometric Computer Vision Library for Spatial AI,https://github.com/kornia/kornia,Python,2018-08-22T10:31:37Z,2024-10-14T09:05:34Z,9878,962,288,Apache License 2.0
nicegui,zauberzeug,Create web-based user interfaces with Python. The nice way.,https://github.com/zauberzeug/nicegui,Python,2021-05-07T13:55:05Z,2024-10-14T09:37:10Z,9622,568,60,MIT License
TTS,mozilla,:robot: :speech_balloon: Deep learning for Text to Speech  (Discussion forum: https://discourse.mozilla.org/c/tts),https://github.com/mozilla/TTS,Jupyter Notebook,2018-01-23T14:22:06Z,2024-10-13T17:51:24Z,9289,1243,32,Mozilla Public License 2.0
stable-baselines3,DLR-RM,"PyTorch version of Stable Baselines, reliable implementations of reinforcement learning algorithms. ",https://github.com/DLR-RM/stable-baselines3,Python,2020-05-05T05:52:26Z,2024-10-14T08:03:58Z,8921,1684,86,MIT License
gobot,hybridgroup,"Golang framework for robotics, drones, and the Internet of Things (IoT)",https://github.com/hybridgroup/gobot,Go,2013-09-21T14:09:19Z,2024-10-13T13:17:28Z,8904,1038,123,Other
open-source-rover,nasa-jpl,"A build-it-yourself, 6-wheel rover based on the rovers on Mars!",https://github.com/nasa-jpl/open-source-rover,Prolog,2018-06-29T23:57:16Z,2024-10-14T01:18:33Z,8551,1350,22,Apache License 2.0
mujoco,google-deepmind,Multi-Joint dynamics with Contact. A general purpose physics simulator.,https://github.com/google-deepmind/mujoco,Jupyter Notebook,2021-08-27T12:25:48Z,2024-10-14T09:24:06Z,8028,803,98,Apache License 2.0
jetson-inference,dusty-nv,Hello AI World guide to deploying deep-learning inference networks and deep vision primitives with TensorRT and NVIDIA Jetson.,https://github.com/dusty-nv/jetson-inference,C++,2016-07-30T19:56:47Z,2024-10-14T09:27:29Z,7776,2975,371,MIT License
StockSharp,StockSharp,"Algorithmic trading and quantitative trading open source platform to develop trading robots (stock markets, forex, crypto, bitcoins, and options).",https://github.com/StockSharp/StockSharp,C#,2014-12-08T07:53:44Z,2024-10-14T09:34:21Z,7158,1754,4,Apache License 2.0
cartographer,cartographer-project,Cartographer is a system that provides real-time simultaneous localization and mapping (SLAM) in 2D and 3D across multiple platforms and sensor configurations.,https://github.com/cartographer-project/cartographer,C++,2016-08-02T06:55:43Z,2024-10-13T14:37:37Z,7129,2251,232,Apache License 2.0
lerobot,huggingface,ğŸ¤— LeRobot: Making AI for Robotics more accessible with end-to-end learning,https://github.com/huggingface/lerobot,Python,2024-01-26T15:50:41Z,2024-10-14T03:15:22Z,6805,608,94,Apache License 2.0
Valetudo,Hypfer,Cloud replacement for vacuum robots enabling local-only operation,https://github.com/Hypfer/Valetudo,JavaScript,2018-07-12T07:07:43Z,2024-10-14T09:06:30Z,6553,390,1,Apache License 2.0
rerun,rerun-io,"Visualize streams of multimodal data. Fast, easy to use, and simple to integrate.  Built in Rust using egui.",https://github.com/rerun-io/rerun,Rust,2022-04-08T07:30:05Z,2024-10-14T08:55:31Z,6380,311,1043,Apache License 2.0
wukong-robot,wzpan,ğŸ¤– wukong-robot æ˜¯ä¸€ä¸ªç®€å•ã€çµæ´»ã€ä¼˜é›…çš„ä¸­æ–‡è¯­éŸ³å¯¹è¯æœºå™¨äºº/æ™ºèƒ½éŸ³ç®±é¡¹ç›®ï¼Œæ”¯æŒChatGPTå¤šè½®å¯¹è¯èƒ½åŠ›ï¼Œè¿˜å¯èƒ½æ˜¯é¦–ä¸ªæ”¯æŒè„‘æœºäº¤äº’çš„å¼€æºæ™ºèƒ½éŸ³ç®±é¡¹ç›®ã€‚,https://github.com/wzpan/wukong-robot,Python,2019-01-16T16:19:51Z,2024-10-14T09:04:50Z,6266,1333,59,MIT License
awesome-self-supervised-learning,jason718,A curated list of awesome self-supervised methods,https://github.com/jason718/awesome-self-supervised-learning,,2018-02-10T01:57:50Z,2024-10-13T16:51:10Z,6138,825,3,No License
awesome-multimodal-ml,pliang279,Reading list for research topics in multimodal machine learning,https://github.com/pliang279/awesome-multimodal-ml,,2019-05-27T23:03:48Z,2024-10-14T07:55:19Z,5966,852,7,MIT License
node-serialport,serialport,"Access serial ports with JavaScript. Linux, OSX and Windows. Welcome your robotic JavaScript overlords. Better yet, program them!",https://github.com/serialport/node-serialport,TypeScript,2010-09-07T12:24:28Z,2024-10-13T02:01:20Z,5806,1007,171,MIT License
ai-deadlines,paperswithcode,:alarm_clock: AI conference deadline countdowns ,https://github.com/paperswithcode/ai-deadlines,JavaScript,2016-11-18T23:11:12Z,2024-10-14T09:16:43Z,5630,963,40,MIT License
OpenMower,ClemensElflein,"Let's upgrade cheap off-the-shelf robotic mowers to modern, smart RTK GPS based lawn mowing robots!",https://github.com/ClemensElflein/OpenMower,C,2022-01-26T15:24:24Z,2024-10-13T18:10:14Z,4664,278,23,Other
awesome-robotics,kiloreux,A list of awesome Robotics resources,https://github.com/kiloreux/awesome-robotics,,2015-11-26T16:53:05Z,2024-10-14T05:02:28Z,4276,813,12,Other
